<?xml version="1.0" encoding="UTF-8"?>
<Configuration status="WARN">
    <Appenders>

        <Console name="Console" target="SYSTEM_OUT">
            <PatternLayout pattern="%d{HH:mm:ss.SSS} [%t] %-5level %logger{36} - %msg%n"/>
        </Console>
        <File name="LogFile" fileName="logs/app.log">
            <PatternLayout pattern="%d{yyyy-mm-dd HH:mm:ss.SSS} [%t] %-5level %logger{36} - %msg%n"/>
        </File>

    </Appenders>

    <Loggers>
        <Root level="all">
            <AppenderRef ref="LogFile" level="debug"/>
            <AppenderRef ref="LogFile" level="error"/>
        </Root>
    </Loggers>
</Configuration>