{"SourceCode":"/*\r\n\r\nLast contributor before the deadline gets all ether, stored in the contract!\r\nTry your luck!\r\n\r\nvar raceAddress = \"0x02e01e9a73ed2cb24b32628c935256e455b0a078 \";\r\nvar raceftwContract = web3.eth.contract([{\"constant\":false,\"inputs\":[],\"name\":\"getCurrentWinner\",\"outputs\":[{\"name\":\"\",\"type\":\"address\"}],\"type\":\"function\"},{\"constant\":false,\"inputs\":[],\"name\":\"claimReward\",\"outputs\":[],\"type\":\"function\"},{\"constant\":false,\"inputs\":[],\"name\":\"getDisclaimer\",\"outputs\":[{\"name\":\"\",\"type\":\"string\"}],\"type\":\"function\"},{\"constant\":false,\"inputs\":[],\"name\":\"getRaceEndBlock\",\"outputs\":[{\"name\":\"\",\"type\":\"uint256\"}],\"type\":\"function\"},{\"inputs\":[],\"type\":\"constructor\"},{\"anonymous\":false,\"inputs\":[{\"indexed\":false,\"name\":\"newWinner\",\"type\":\"address\"}],\"name\":\"LastContributorChanged\",\"type\":\"event\"}]);\r\nvar raceftw = raceftwContract.at(raceAddress);\r\n\r\nconsole.log(\"current winner: \", raceftw.getCurrentWinner.call());\r\nconsole.log(\"race ends at block: \", raceftw.getRaceEndBlock.call(), \" current block:\", eth.blockNumber);\r\nconsole.log(\"current balance: \", web3.fromWei(eth.getBalance(raceAddress), \"ether\"));\r\n\r\n\r\n\r\n//To participate in the race:\r\neth.sendTransaction({from:<your address>, to:\"0x02e01e9a73ed2cb24b32628c935256e455b0a078 \", value:web3.toWei(10, \"finney\"), gas:50000});\r\n\r\n//The winner can claim their reward by sending the following transaction:\r\nraceftw.claimReward.sendTransaction({from:<your address>, gas:50000})\r\n\r\n*/\r\ncontract RaceFTW {\r\n    \r\n    /* Disclaimer */\r\n    string disclaimer = \"Copyright (c) 2016 \\\"The owner of this contract\\\" \\nPermission is hereby granted, free of charge, to any person obtaining a copy of this software and associated documentation files (the \\\"Software\\\"), to deal in the Software without restriction, including without limitation the rights to use, copy, modify, merge, publish, distribute, sublicense, and/or sell copies of the Software, and to permit persons to whom the Software is furnished to do so, subject to the following conditions:\\n\\nThe above copyright notice and this permission notice shall be included in all copies or substantial portions of the Software.\\n\\nTHE SOFTWARE IS PROVIDED \\\"AS IS\\\", WITHOUT WARRANTY OF ANY KIND, EXPRESS OR IMPLIED, INCLUDING BUT NOT LIMITED TO THE WARRANTIES OF MERCHANTABILITY, FITNESS FOR A PARTICULAR PURPOSE AND NONINFRINGEMENT. IN NO EVENT SHALL THE AUTHORS OR COPYRIGHT HOLDERS BE LIABLE FOR ANY CLAIM, DAMAGES OR OTHER LIABILITY, WHETHER IN AN ACTION OF CONTRACT, TORT OR OTHERWISE, ARISING FROM, OUT OF OR IN CONNECTION WITH THE SOFTWARE OR THE USE OR OTHER DEALINGS IN THE SOFTWARE.\";\r\n    \r\n    function getDisclaimer() returns (string) {\r\n        return disclaimer;\r\n    }\r\n    \r\n    address lastContributor;\r\n    uint fixedContribution = 10 finney;\r\n    \r\n    uint raceEnds = 0;\r\n    \r\n    // number of blocks. roughly 3 months at the contract creation blocks rate\r\n    uint RACE_LENGTH = 555555;\r\n    \r\n    event LastContributorChanged(address newWinner);\r\n    \r\n    function RaceFTW () {\r\n        raceEnds = block.number + RACE_LENGTH;\r\n    }\r\n    \r\n    function getRaceEndBlock() returns (uint) {\r\n        return raceEnds;\r\n    }\r\n    \r\n    function getCurrentWinner() returns (address) {\r\n        return lastContributor;\r\n    }\r\n    \r\n    function () {\r\n        //refund if the race ended\r\n        if (block.number > raceEnds) {\r\n            throw;\r\n        }\r\n        //refund if sent amount not equal to 1 finney\r\n        if (msg.value != fixedContribution) {\r\n            throw;\r\n        }\r\n        //raise event if needed\r\n        if (lastContributor != msg.sender) {\r\n            LastContributorChanged(msg.sender);\r\n        }\r\n        \r\n        //change the last contributor\r\n        lastContributor = msg.sender;\r\n    }\r\n    \r\n    \r\n    function claimReward() {\r\n        //only lastContributor can claim\r\n        if (msg.sender != lastContributor) {\r\n            throw;\r\n        }\r\n        //refund if race is not over yet\r\n        if (block.number < raceEnds) {\r\n            throw;\r\n        }\r\n        if (this.balance > 0) {\r\n            lastContributor.send(this.balance);\r\n        }\r\n    }\r\n}","ABI":"[{\"constant\":false,\"inputs\":[],\"name\":\"getCurrentWinner\",\"outputs\":[{\"name\":\"\",\"type\":\"address\"}],\"type\":\"function\"},{\"constant\":false,\"inputs\":[],\"name\":\"claimReward\",\"outputs\":[],\"type\":\"function\"},{\"constant\":false,\"inputs\":[],\"name\":\"getDisclaimer\",\"outputs\":[{\"name\":\"\",\"type\":\"string\"}],\"type\":\"function\"},{\"constant\":false,\"inputs\":[],\"name\":\"getRaceEndBlock\",\"outputs\":[{\"name\":\"\",\"type\":\"uint256\"}],\"type\":\"function\"},{\"inputs\":[],\"type\":\"constructor\"},{\"anonymous\":false,\"inputs\":[{\"indexed\":false,\"name\":\"newWinner\",\"type\":\"address\"}],\"name\":\"LastContributorChanged\",\"type\":\"event\"}]","ContractName":"RaceFTW","CompilerVersion":"v0.3.1-2016-03-31-c492d9b","OptimizationUsed":"1","Runs":"200","ConstructorArguments":"","Library":"","LicenseType":"","SwarmSource":""}
