{"SourceCode":"contract UportRegistry {\r\n  event AttributesSet(address indexed _sender, uint _timestamp);\r\n\r\n  uint public version;\r\n  address public previousPublishedVersion;\r\n\r\n  mapping(address => bytes) public ipfsAttributeLookup;\r\n\r\n  function UportRegistry(address _previousPublishedVersion) {\r\n    version = 1;\r\n    previousPublishedVersion = _previousPublishedVersion;\r\n  }\r\n\r\n  function setAttributes(bytes ipfsHash) {\r\n    ipfsAttributeLookup[msg.sender] = ipfsHash;\r\n    AttributesSet(msg.sender, now);\r\n  }\r\n\r\n  function getAttributes(address personaAddress) constant returns(bytes) {\r\n    return ipfsAttributeLookup[personaAddress];\r\n  }\r\n}","ABI":"[{\"constant\":true,\"inputs\":[{\"name\":\"personaAddress\",\"type\":\"address\"}],\"name\":\"getAttributes\",\"outputs\":[{\"name\":\"\",\"type\":\"bytes\"}],\"type\":\"function\"},{\"constant\":true,\"inputs\":[],\"name\":\"version\",\"outputs\":[{\"name\":\"\",\"type\":\"uint256\"}],\"type\":\"function\"},{\"constant\":true,\"inputs\":[],\"name\":\"previousPublishedVersion\",\"outputs\":[{\"name\":\"\",\"type\":\"address\"}],\"type\":\"function\"},{\"constant\":false,\"inputs\":[{\"name\":\"ipfsHash\",\"type\":\"bytes\"}],\"name\":\"setAttributes\",\"outputs\":[],\"type\":\"function\"},{\"constant\":true,\"inputs\":[{\"name\":\"\",\"type\":\"address\"}],\"name\":\"ipfsAttributeLookup\",\"outputs\":[{\"name\":\"\",\"type\":\"bytes\"}],\"type\":\"function\"},{\"inputs\":[{\"name\":\"_previousPublishedVersion\",\"type\":\"address\"}],\"type\":\"constructor\"},{\"anonymous\":false,\"inputs\":[{\"indexed\":true,\"name\":\"_sender\",\"type\":\"address\"},{\"indexed\":false,\"name\":\"_timestamp\",\"type\":\"uint256\"}],\"name\":\"AttributesSet\",\"type\":\"event\"}]","ContractName":"UportRegistry","CompilerVersion":"v0.3.5+commit.5f97274","OptimizationUsed":"1","Runs":"200","ConstructorArguments":"","Library":"","LicenseType":"","SwarmSource":""}
