{"SourceCode":"contract Creator {\r\n    function newContract(bytes data) public returns (address) {\r\n        address theNewContract;\r\n        uint s = data.length;\r\n\r\n        assembly {\r\n            calldatacopy(mload(0x40), 68, s)\r\n            theNewContract := create(callvalue, mload(0x40), s)\r\n        }\r\n\r\n        return theNewContract;\r\n    }\r\n}","ABI":"[{\"constant\":false,\"inputs\":[{\"name\":\"data\",\"type\":\"bytes\"}],\"name\":\"newContract\",\"outputs\":[{\"name\":\"\",\"type\":\"address\"}],\"type\":\"function\"}]","ContractName":"Creator","CompilerVersion":"v0.3.5-2016-06-10-5f97274","OptimizationUsed":"1","Runs":"200","ConstructorArguments":"","Library":"","LicenseType":"","SwarmSource":""}
