{"SourceCode":"contract self_store {\r\n\r\n    address owner;\r\n\r\n    uint public contentCount = 0;\r\n    \r\n    event content(string datainfo, uint indexed version);\r\n    modifier onlyowner { if (msg.sender == owner) _ }\r\n    \r\n    function self_store() public { owner = msg.sender; }\r\n    \r\n    ///TODO: remove in release\r\n    function kill() onlyowner { suicide(owner); }\r\n\r\n    function flush() onlyowner {\r\n        owner.send(this.balance);\r\n    }\r\n\r\n    function add(string datainfo, uint version) onlyowner {\r\n        contentCount++;\r\n        content(datainfo, version);\r\n    }\r\n}","ABI":"[{\"constant\":false,\"inputs\":[{\"name\":\"datainfo\",\"type\":\"string\"},{\"name\":\"version\",\"type\":\"uint256\"}],\"name\":\"add\",\"outputs\":[],\"type\":\"function\"},{\"constant\":false,\"inputs\":[],\"name\":\"kill\",\"outputs\":[],\"type\":\"function\"},{\"constant\":false,\"inputs\":[],\"name\":\"flush\",\"outputs\":[],\"type\":\"function\"},{\"constant\":true,\"inputs\":[],\"name\":\"contentCount\",\"outputs\":[{\"name\":\"\",\"type\":\"uint256\"}],\"type\":\"function\"},{\"inputs\":[],\"type\":\"constructor\"},{\"anonymous\":false,\"inputs\":[{\"indexed\":false,\"name\":\"datainfo\",\"type\":\"string\"},{\"indexed\":true,\"name\":\"version\",\"type\":\"uint256\"}],\"name\":\"content\",\"type\":\"event\"}]","ContractName":"self_store","CompilerVersion":"v0.3.2-2016-05-06-9e36bdd","OptimizationUsed":"1","Runs":"200","ConstructorArguments":"","Library":"","LicenseType":"","SwarmSource":""}
