{"SourceCode":"pragma solidity ^0.4.1;\r\n\r\ncontract FipsNotary {\r\n\r\n    address admin;\r\n    mapping(bytes20 => address) ledger;\r\n    mapping(address => bool) registrants;\r\n\r\n    event FipsData(bytes20 indexed fips, address indexed publisher, bytes data);\r\n    event FipsRegistration(bytes20 indexed fips, address indexed owner);\r\n    event FipsTransfer(bytes20 indexed fips, address indexed old_owner, address indexed new_owner);\r\n    event RegistrantApproval(address indexed registrant);\r\n    event RegistrantRemoval(address indexed registrant);\r\n\r\n    function FipsNotary() {\r\n        admin = msg.sender;\r\n        registrantApprove(admin);\r\n        fipsNotaryLegacy68b4();\r\n    }\r\n\r\n    function fipsNotaryLegacy68b4() internal {\r\n        fipsAddToLedger(0x8b8cbda1197a64c5224f987221ca694e921307a1, 0x087520b1cd9ccb9a8badd0565698be2cd5117d5c);\r\n        fipsAddToLedger(0xf770f3a6ff43a619e5ad2ec1440899c7c1f9a31d, 0x087520b1cd9ccb9a8badd0565698be2cd5117d5c);\r\n        fipsAddToLedger(0x63a6bb10860f4366f5cd039808ae1a056017bb16, 0x087520b1cd9ccb9a8badd0565698be2cd5117d5c);\r\n        fipsAddToLedger(0x3cf83fd0c83a575b8c8a1fa8e205f81f5937327a, 0x087520b1cd9ccb9a8badd0565698be2cd5117d5c);\r\n        fipsAddToLedger(0xcd08a58a9138e8fa7a1eb393f0ca7a0a535371f3, 0x087520b1cd9ccb9a8badd0565698be2cd5117d5c);\r\n        fipsAddToLedger(0x1edb330494e92f1a2072062f864ed158f935aa0d, 0x087520b1cd9ccb9a8badd0565698be2cd5117d5c);\r\n        fipsAddToLedger(0xb5cc3ca04e6952e8edd01b3c22b19a5cc8296ce0, 0x087520b1cd9ccb9a8badd0565698be2cd5117d5c);\r\n        fipsAddToLedger(0xf6b7c86b6045fed17e4d2378d045c6d45d31f428, 0x087520b1cd9ccb9a8badd0565698be2cd5117d5c);\r\n        fipsAddToLedger(0x80653be4bab57d100722f6294d6d7b0b2f318627, 0x087520b1cd9ccb9a8badd0565698be2cd5117d5c);\r\n        fipsAddToLedger(0x401d035db4274112f7ed25dd698c0f8302afe939, 0x087520b1cd9ccb9a8badd0565698be2cd5117d5c);\r\n        fipsAddToLedger(0xc007a3bf3ce32145d36c4d016ca4b552bb31050d, 0x8ae53d7d3881ded6644245f91e996c140ea1a716);\r\n        fipsAddToLedger(0x44fa23d01a4b2f990b7a5c0c21ca48fb9cfcaecf, 0x087520b1cd9ccb9a8badd0565698be2cd5117d5c);\r\n        fipsAddToLedger(0x5379f06755cdfffc4acf4c7c62ed03280515ef97, 0x087520b1cd9ccb9a8badd0565698be2cd5117d5c);\r\n        registrantApprove(0x8ae53d7d3881ded6644245f91e996c140ea1a716);\r\n    }\r\n\r\n    modifier onlyAdmin() {\r\n        if (msg.sender != admin) throw;\r\n        _\r\n        ;\r\n    }\r\n\r\n    function() {\r\n        throw;\r\n    }\r\n\r\n    function fipsIsRegistered(bytes20 fips) constant returns (bool exists) {\r\n        if (ledger[fips] != 0x0) {\r\n            return true;\r\n        } else {\r\n            return false;\r\n        }\r\n    }\r\n\r\n    function fipsOwner(bytes20 fips) constant returns (address owner) {\r\n        return ledger[fips];\r\n    }\r\n\r\n    function fipsPublishData(bytes20 fips, bytes data) constant {\r\n        if ((msg.sender != admin) && (msg.sender != ledger[fips])) {\r\n            throw;\r\n        }\r\n        FipsData(fips, msg.sender, data);\r\n    }\r\n\r\n    function fipsAddToLedger(bytes20 fips, address owner) internal {\r\n        ledger[fips] = owner;\r\n        FipsRegistration(fips, owner);\r\n    }\r\n\r\n    function fipsChangeOwner(bytes20 fips, address old_owner, address new_owner) internal {\r\n        ledger[fips] = new_owner;\r\n        FipsTransfer(fips, old_owner, new_owner);\r\n    }\r\n\r\n    function fipsGenerate() internal returns (bytes20 fips) {\r\n        fips = ripemd160(block.blockhash(block.number), sha256(msg.sender, block.number, block.timestamp, msg.gas));\r\n        if (fipsIsRegistered(fips)) {\r\n            return fipsGenerate();\r\n        }\r\n        return fips;\r\n    }\r\n\r\n    function fipsRegister(uint count, address owner, bytes data) {\r\n        if (registrants[msg.sender] != true) {\r\n            throw;\r\n        }\r\n        if ((count < 1) || (count > 1000)) {\r\n            throw;\r\n        }\r\n        bytes20 fips;\r\n        for (uint i = 1; i <= count; i++) {\r\n            fips = fipsGenerate();\r\n            fipsAddToLedger(fips, owner);\r\n            if (data.length > 0) {\r\n                FipsData(fips, owner, data);\r\n            }\r\n        }\r\n    }\r\n\r\n    function fipsRegister() { fipsRegister(1, msg.sender, \"\"); }\r\n    function fipsRegister(uint count) { fipsRegister(count, msg.sender, \"\"); }\r\n    function fipsRegister(uint count, bytes data) { fipsRegister(count, msg.sender, data); }\r\n    function fipsRegister(address owner) { fipsRegister(1, owner, \"\"); }\r\n    function fipsRegister(address owner, bytes data) { fipsRegister(1, owner, data); }\r\n\r\n    function fipsTransfer(bytes20 fips, address new_owner) {\r\n        if (msg.sender != ledger[fips]) {\r\n            throw;\r\n        }\r\n        fipsChangeOwner(fips, msg.sender, new_owner);\r\n    }\r\n\r\n    function registrantApprove(address registrant) onlyAdmin {\r\n        if (registrants[registrant] != true) {\r\n            registrants[registrant] = true;\r\n            RegistrantApproval(registrant);\r\n        }\r\n    }\r\n\r\n    function registrantRemove(address registrant) onlyAdmin {\r\n        if (registrants[registrant] == true) {\r\n            delete(registrants[registrant]);\r\n            RegistrantRemoval(registrant);\r\n        }\r\n    }\r\n\r\n    function withdrawFunds() onlyAdmin {\r\n        if (!admin.send(this.balance)) {\r\n            throw;\r\n        }\r\n    }\r\n\r\n}","ABI":"[{\"constant\":false,\"inputs\":[],\"name\":\"withdrawFunds\",\"outputs\":[],\"payable\":false,\"type\":\"function\"},{\"constant\":false,\"inputs\":[{\"name\":\"count\",\"type\":\"uint256\"},{\"name\":\"owner\",\"type\":\"address\"},{\"name\":\"data\",\"type\":\"bytes\"}],\"name\":\"fipsRegister\",\"outputs\":[],\"payable\":false,\"type\":\"function\"},{\"constant\":false,\"inputs\":[{\"name\":\"fips\",\"type\":\"bytes20\"},{\"name\":\"new_owner\",\"type\":\"address\"}],\"name\":\"fipsTransfer\",\"outputs\":[],\"payable\":false,\"type\":\"function\"},{\"constant\":false,\"inputs\":[{\"name\":\"count\",\"type\":\"uint256\"}],\"name\":\"fipsRegister\",\"outputs\":[],\"payable\":false,\"type\":\"function\"},{\"constant\":true,\"inputs\":[{\"name\":\"fips\",\"type\":\"bytes20\"},{\"name\":\"data\",\"type\":\"bytes\"}],\"name\":\"fipsPublishData\",\"outputs\":[],\"payable\":false,\"type\":\"function\"},{\"constant\":false,\"inputs\":[{\"name\":\"owner\",\"type\":\"address\"}],\"name\":\"fipsRegister\",\"outputs\":[],\"payable\":false,\"type\":\"function\"},{\"constant\":true,\"inputs\":[{\"name\":\"fips\",\"type\":\"bytes20\"}],\"name\":\"fipsOwner\",\"outputs\":[{\"name\":\"owner\",\"type\":\"address\"}],\"payable\":false,\"type\":\"function\"},{\"constant\":false,\"inputs\":[],\"name\":\"fipsRegister\",\"outputs\":[],\"payable\":false,\"type\":\"function\"},{\"constant\":true,\"inputs\":[{\"name\":\"fips\",\"type\":\"bytes20\"}],\"name\":\"fipsIsRegistered\",\"outputs\":[{\"name\":\"exists\",\"type\":\"bool\"}],\"payable\":false,\"type\":\"function\"},{\"constant\":false,\"inputs\":[{\"name\":\"registrant\",\"type\":\"address\"}],\"name\":\"registrantApprove\",\"outputs\":[],\"payable\":false,\"type\":\"function\"},{\"constant\":false,\"inputs\":[{\"name\":\"owner\",\"type\":\"address\"},{\"name\":\"data\",\"type\":\"bytes\"}],\"name\":\"fipsRegister\",\"outputs\":[],\"payable\":false,\"type\":\"function\"},{\"constant\":false,\"inputs\":[{\"name\":\"count\",\"type\":\"uint256\"},{\"name\":\"data\",\"type\":\"bytes\"}],\"name\":\"fipsRegister\",\"outputs\":[],\"payable\":false,\"type\":\"function\"},{\"constant\":false,\"inputs\":[{\"name\":\"registrant\",\"type\":\"address\"}],\"name\":\"registrantRemove\",\"outputs\":[],\"payable\":false,\"type\":\"function\"},{\"inputs\":[],\"type\":\"constructor\"},{\"payable\":false,\"type\":\"fallback\"},{\"anonymous\":false,\"inputs\":[{\"indexed\":true,\"name\":\"fips\",\"type\":\"bytes20\"},{\"indexed\":true,\"name\":\"publisher\",\"type\":\"address\"},{\"indexed\":false,\"name\":\"data\",\"type\":\"bytes\"}],\"name\":\"FipsData\",\"type\":\"event\"},{\"anonymous\":false,\"inputs\":[{\"indexed\":true,\"name\":\"fips\",\"type\":\"bytes20\"},{\"indexed\":true,\"name\":\"owner\",\"type\":\"address\"}],\"name\":\"FipsRegistration\",\"type\":\"event\"},{\"anonymous\":false,\"inputs\":[{\"indexed\":true,\"name\":\"fips\",\"type\":\"bytes20\"},{\"indexed\":true,\"name\":\"old_owner\",\"type\":\"address\"},{\"indexed\":true,\"name\":\"new_owner\",\"type\":\"address\"}],\"name\":\"FipsTransfer\",\"type\":\"event\"},{\"anonymous\":false,\"inputs\":[{\"indexed\":true,\"name\":\"registrant\",\"type\":\"address\"}],\"name\":\"RegistrantApproval\",\"type\":\"event\"},{\"anonymous\":false,\"inputs\":[{\"indexed\":true,\"name\":\"registrant\",\"type\":\"address\"}],\"name\":\"RegistrantRemoval\",\"type\":\"event\"}]","ContractName":"FipsNotary","CompilerVersion":"v0.4.3-nightly.2016.9.30+commit.d5cfb17b","OptimizationUsed":"1","Runs":"200","ConstructorArguments":"","Library":"","LicenseType":"","SwarmSource":""}
