{"SourceCode":"pragma solidity ^0.4.0;\r\ncontract ForkChecker {\r\n  bool public isFork;\r\n  uint256 public bnCheck;\r\n  bytes32 public bhCheck;\r\n\r\n  function ForkChecker(uint256 _blockNumber, bytes32 _blockHash) {\r\n    bytes32 _check = block.blockhash(_blockNumber);\r\n    bhCheck = _blockHash;\r\n    bnCheck = _blockNumber;\r\n    if (_check == _blockHash) {\r\n      isFork = true;\r\n    }\r\n  }\r\n}","ABI":"[{\"constant\":true,\"inputs\":[],\"name\":\"bhCheck\",\"outputs\":[{\"name\":\"\",\"type\":\"bytes32\"}],\"payable\":false,\"type\":\"function\"},{\"constant\":true,\"inputs\":[],\"name\":\"bnCheck\",\"outputs\":[{\"name\":\"\",\"type\":\"uint256\"}],\"payable\":false,\"type\":\"function\"},{\"constant\":true,\"inputs\":[],\"name\":\"isFork\",\"outputs\":[{\"name\":\"\",\"type\":\"bool\"}],\"payable\":false,\"type\":\"function\"},{\"inputs\":[{\"name\":\"_blockNumber\",\"type\":\"uint256\"},{\"name\":\"_blockHash\",\"type\":\"bytes32\"}],\"type\":\"constructor\"}]","ContractName":"ForkChecker","CompilerVersion":"v0.4.2-nightly.2016.9.9+commit.51a98ab","OptimizationUsed":"1","Runs":"200","ConstructorArguments":"0000000000000000000000000000000000000000000000000000000000221a0aac3eacc6609b3dc52c15a52b1df8800946cc47edb9ad92d585ba83ce03577069","Library":"","LicenseType":"","SwarmSource":""}
