{"SourceCode":"pragma solidity ^0.4.2;\r\ncontract Token {\r\n    address public issuer;\r\n    mapping (address => uint) public balances;\r\n\r\n    function Token() {\r\n        issuer = msg.sender;\r\n        balances[issuer] = 1000000;\r\n    }\r\n\r\n    function transfer(address _to, uint _amount) {\r\n        if (balances[msg.sender] < _amount) {\r\n            throw;\r\n        }\r\n\r\n        balances[msg.sender] -= _amount;\r\n        balances[_to] += _amount;\r\n    }\r\n}","ABI":"[{\"constant\":true,\"inputs\":[],\"name\":\"issuer\",\"outputs\":[{\"name\":\"\",\"type\":\"address\"}],\"payable\":false,\"type\":\"function\"},{\"constant\":true,\"inputs\":[{\"name\":\"\",\"type\":\"address\"}],\"name\":\"balances\",\"outputs\":[{\"name\":\"\",\"type\":\"uint256\"}],\"payable\":false,\"type\":\"function\"},{\"constant\":false,\"inputs\":[{\"name\":\"_to\",\"type\":\"address\"},{\"name\":\"_amount\",\"type\":\"uint256\"}],\"name\":\"transfer\",\"outputs\":[],\"payable\":false,\"type\":\"function\"},{\"inputs\":[],\"type\":\"constructor\"}]","ContractName":"Token","CompilerVersion":"v0.4.2+commit.af6afb04","OptimizationUsed":"1","Runs":"200","ConstructorArguments":"","Library":"","LicenseType":"","SwarmSource":""}
