{"SourceCode":"contract Multisend {\r\n    mapping(address => uint) public balances;\r\n    mapping(address => uint) public nonces;\r\n\r\n    \r\n    function send(address[] addrs, uint[] amounts, uint nonce) {\r\n        if(addrs.length != amounts.length || nonce != nonces[msg.sender]) throw;\r\n        uint val = msg.value;\r\n        \r\n        for(uint i = 0; i<addrs.length; i++){\r\n            if(val < amounts[i]) throw;\r\n            \r\n            if(!addrs[i].send(amounts[i])){\r\n                balances[addrs[i]] += amounts[i];\r\n            }\r\n            val -= amounts[i];\r\n        }\r\n        \r\n        if(!msg.sender.send(val)){\r\n            balances[msg.sender] += val;\r\n        }\r\n        nonces[msg.sender]++;\r\n    }\r\n    \r\n    function withdraw(){\r\n        uint balance = balances[msg.sender];\r\n        balances[msg.sender] = 0;\r\n        if(!msg.sender.send(balance)) throw;\r\n    }\r\n    \r\n    function(){\r\n        withdraw();\r\n    }\r\n}","ABI":"[{\"constant\":true,\"inputs\":[{\"name\":\"\",\"type\":\"address\"}],\"name\":\"balances\",\"outputs\":[{\"name\":\"\",\"type\":\"uint256\"}],\"type\":\"function\"},{\"constant\":false,\"inputs\":[],\"name\":\"withdraw\",\"outputs\":[],\"type\":\"function\"},{\"constant\":true,\"inputs\":[{\"name\":\"\",\"type\":\"address\"}],\"name\":\"nonces\",\"outputs\":[{\"name\":\"\",\"type\":\"uint256\"}],\"type\":\"function\"},{\"constant\":false,\"inputs\":[{\"name\":\"addrs\",\"type\":\"address[]\"},{\"name\":\"amounts\",\"type\":\"uint256[]\"},{\"name\":\"nonce\",\"type\":\"uint256\"}],\"name\":\"send\",\"outputs\":[],\"type\":\"function\"}]","ContractName":"Multisend","CompilerVersion":"v0.3.5-2016-07-01-48238c9","OptimizationUsed":"1","Runs":"200","ConstructorArguments":"","Library":"","LicenseType":"","SwarmSource":""}
