{"SourceCode":"contract Consulting {\r\n    /*\r\n     *  This contract accepts payment from clients, and payout to engineer and manager.\r\n     */\r\n    address public engineer;\r\n    address public manager;\r\n    uint public createdTime;\r\n    uint public updatedTime;\r\n\r\n    function Consulting(address _engineer, address _manager) {\r\n        engineer = 0x2207bD0174840f4C728c0B07DE9bDD643Ee2E7d6;\r\n        manager = 0xddd31eb39d56d51b50172884bd2b88e1f6264f95;\r\n        createdTime = block.timestamp;\r\n        updatedTime = block.timestamp;\r\n    }\r\n\r\n    /* Contract payout hald */\r\n    function payout() returns (bool _success) {\r\n        if(msg.sender == engineer || msg.sender == manager) {\r\n             engineer.send(this.balance / 2);\r\n             manager.send(this.balance);\r\n             updatedTime = block.timestamp;\r\n             _success = true;\r\n        }else{\r\n            _success = false;\r\n        }\r\n    }\r\n}","ABI":"[{\"constant\":true,\"inputs\":[],\"name\":\"updatedTime\",\"outputs\":[{\"name\":\"\",\"type\":\"uint256\"}],\"type\":\"function\"},{\"constant\":true,\"inputs\":[],\"name\":\"manager\",\"outputs\":[{\"name\":\"\",\"type\":\"address\"}],\"type\":\"function\"},{\"constant\":true,\"inputs\":[],\"name\":\"engineer\",\"outputs\":[{\"name\":\"\",\"type\":\"address\"}],\"type\":\"function\"},{\"constant\":false,\"inputs\":[],\"name\":\"payout\",\"outputs\":[{\"name\":\"_success\",\"type\":\"bool\"}],\"type\":\"function\"},{\"constant\":true,\"inputs\":[],\"name\":\"createdTime\",\"outputs\":[{\"name\":\"\",\"type\":\"uint256\"}],\"type\":\"function\"},{\"inputs\":[{\"name\":\"_engineer\",\"type\":\"address\"},{\"name\":\"_manager\",\"type\":\"address\"}],\"type\":\"constructor\"}]","ContractName":"Consulting","CompilerVersion":"v0.3.0-2016-03-30-c2cf806","OptimizationUsed":"1","Runs":"200","ConstructorArguments":"","Library":"","LicenseType":"","SwarmSource":""}
