{"SourceCode":"pragma solidity ^0.4.7; \r\n \r\ncontract BaseAgriChainContract {\r\n    address creator; \r\n    function BaseAgriChainContract() public    {   creator = msg.sender;   }\r\n    \r\n    modifier onlyBy(address _account)\r\n    {\r\n        if (msg.sender != _account)\r\n            throw;\r\n        _;\r\n    }\r\n    \r\n    function kill() onlyBy(creator)\r\n    {               suicide(creator);     }\r\n     \r\n     function setCreator(address _creator)  onlyBy(creator)\r\n    {           creator = _creator;     }\r\n  \r\n}\r\ncontract AgriChainProductionContract   is BaseAgriChainContract    \r\n{  \r\n    string  public  Organization;      //Production Organization\r\n    string  public  Product ;          //Product\r\n    string  public  Description ;      //Description\r\n    address public  AgriChainData;     //ProductionData\r\n    string  public  AgriChainSeal;     //SecuritySeal\r\n    string  public  Notes ;\r\n    \r\n    \r\n    function   AgriChainProductionContract() public\r\n    {\r\n        AgriChainData=address(this);\r\n    }\r\n    \r\n    function setOrganization(string _Organization)  onlyBy(creator)\r\n    {\r\n          Organization = _Organization;\r\n       \r\n    }\r\n    \r\n    function setProduct(string _Product)  onlyBy(creator)\r\n    {\r\n          Product = _Product;\r\n        \r\n    }\r\n    \r\n    function setDescription(string _Description)  onlyBy(creator)\r\n    {\r\n          Description = _Description;\r\n        \r\n    }\r\n    function setAgriChainData(address _AgriChainData)  onlyBy(creator)\r\n    {\r\n         AgriChainData = _AgriChainData;\r\n         \r\n    }\r\n    \r\n    \r\n    function setAgriChainSeal(string _AgriChainSeal)  onlyBy(creator)\r\n    {\r\n         AgriChainSeal = _AgriChainSeal;\r\n         \r\n    }\r\n    \r\n    \r\n     \r\n    function setNotes(string _Notes)  onlyBy(creator)\r\n    {\r\n         Notes =  _Notes;\r\n         \r\n    }\r\n}","ABI":"[{\"constant\":false,\"inputs\":[{\"name\":\"_Organization\",\"type\":\"string\"}],\"name\":\"setOrganization\",\"outputs\":[],\"payable\":false,\"type\":\"function\"},{\"constant\":false,\"inputs\":[{\"name\":\"_Notes\",\"type\":\"string\"}],\"name\":\"setNotes\",\"outputs\":[],\"payable\":false,\"type\":\"function\"},{\"constant\":false,\"inputs\":[{\"name\":\"_creator\",\"type\":\"address\"}],\"name\":\"setCreator\",\"outputs\":[],\"payable\":false,\"type\":\"function\"},{\"constant\":false,\"inputs\":[],\"name\":\"kill\",\"outputs\":[],\"payable\":false,\"type\":\"function\"},{\"constant\":false,\"inputs\":[{\"name\":\"_Product\",\"type\":\"string\"}],\"name\":\"setProduct\",\"outputs\":[],\"payable\":false,\"type\":\"function\"},{\"constant\":true,\"inputs\":[],\"name\":\"Organization\",\"outputs\":[{\"name\":\"\",\"type\":\"string\"}],\"payable\":false,\"type\":\"function\"},{\"constant\":false,\"inputs\":[{\"name\":\"_AgriChainData\",\"type\":\"address\"}],\"name\":\"setAgriChainData\",\"outputs\":[],\"payable\":false,\"type\":\"function\"},{\"constant\":true,\"inputs\":[],\"name\":\"Product\",\"outputs\":[{\"name\":\"\",\"type\":\"string\"}],\"payable\":false,\"type\":\"function\"},{\"constant\":true,\"inputs\":[],\"name\":\"Description\",\"outputs\":[{\"name\":\"\",\"type\":\"string\"}],\"payable\":false,\"type\":\"function\"},{\"constant\":false,\"inputs\":[{\"name\":\"_Description\",\"type\":\"string\"}],\"name\":\"setDescription\",\"outputs\":[],\"payable\":false,\"type\":\"function\"},{\"constant\":true,\"inputs\":[],\"name\":\"AgriChainSeal\",\"outputs\":[{\"name\":\"\",\"type\":\"string\"}],\"payable\":false,\"type\":\"function\"},{\"constant\":true,\"inputs\":[],\"name\":\"AgriChainData\",\"outputs\":[{\"name\":\"\",\"type\":\"address\"}],\"payable\":false,\"type\":\"function\"},{\"constant\":true,\"inputs\":[],\"name\":\"Notes\",\"outputs\":[{\"name\":\"\",\"type\":\"string\"}],\"payable\":false,\"type\":\"function\"},{\"constant\":false,\"inputs\":[{\"name\":\"_AgriChainSeal\",\"type\":\"string\"}],\"name\":\"setAgriChainSeal\",\"outputs\":[],\"payable\":false,\"type\":\"function\"},{\"inputs\":[],\"payable\":false,\"type\":\"constructor\"}]","ContractName":"AgriChainProductionContract","CompilerVersion":"v0.4.8-nightly.2017.1.11+commit.4f5da2ea","OptimizationUsed":"1","Runs":"200","ConstructorArguments":"","Library":"","LicenseType":"","SwarmSource":"bzzr://f902817a28b874fc8ce61900bca6433774c803196cea008077bfd8aa11e40375"}
