{"SourceCode":"pragma solidity ^0.4.6;\r\ncontract owned {\r\n    address public owner;\r\n\r\n    function owned() {\r\n        owner = msg.sender;\r\n    }\r\n\r\n    modifier onlyOwner {\r\n        if (msg.sender != owner) throw;\r\n        _;\r\n    }\r\n\r\n    function transferOwnership(address newOwner) onlyOwner {\r\n        owner = newOwner;\r\n    }\r\n}\r\n\r\ncontract tokenRecipient { function receiveApproval(address _from, uint256 _value, address _token, bytes _extraData); }\r\n\r\ncontract BuyerToken is owned {\r\n    /* Public variables of the token */\r\n    string public standard = 'Token 0.1';\r\n    string public name;\r\n    string public symbol;\r\n    uint8 public decimals;\r\n    uint256 public totalSupply;\r\n    uint256 public buyPrice;\r\n    address public project_wallet;\r\n\r\n    /* This creates an array with all balances */\r\n    mapping (address => uint256) public balanceOf;\r\n    mapping (address => mapping (address => uint256)) public allowance;\r\n\r\n    /* This generates a public event on the blockchain that will notify clients */\r\n    event Transfer(address indexed from, address indexed to, uint256 value);\r\n\r\n    /* Initializes contract with initial supply tokens to the creator of the contract */\r\n    function token(\r\n        uint256 initialSupply,\r\n        string tokenName,\r\n        uint8 decimalUnits,\r\n        string tokenSymbol\r\n        ) {\r\n        balanceOf[msg.sender] = initialSupply;              // Give the creator all initial tokens\r\n        totalSupply = initialSupply;                        // Update total supply\r\n        name = tokenName;                                   // Set the name for display purposes\r\n        symbol = tokenSymbol;                               // Set the symbol for display purposes\r\n        decimals = decimalUnits;                            // Amount of decimals for display purposes\r\n    }\r\n    \r\n    function defineProjectWallet(address target) onlyOwner {\r\n        project_wallet = target;\r\n    }\r\n    \r\n    /* Mint coins */\r\n    function mintToken(address target, uint256 mintedAmount) onlyOwner {\r\n        balanceOf[target] += mintedAmount;\r\n        totalSupply += mintedAmount;\r\n        Transfer(0, this, mintedAmount);\r\n        Transfer(this, target, mintedAmount);\r\n    }\r\n    \r\n    /* Distroy coins */\r\n    function distroyToken(uint256 burnAmount) onlyOwner {\r\n        balanceOf[this] -= burnAmount;\r\n        totalSupply -= burnAmount;\r\n    }\r\n\r\n    /* Send coins */\r\n    function transfer(address _to, uint256 _value) {\r\n        if (balanceOf[msg.sender] < _value) throw;           // Check if the sender has enough\r\n        if (balanceOf[_to] + _value < balanceOf[_to]) throw; // Check for overflows\r\n        balanceOf[msg.sender] -= _value;                     // Subtract from the sender\r\n        balanceOf[_to] += _value;                            // Add the same to the recipient\r\n        Transfer(msg.sender, _to, _value);                   // Notify anyone listening that this transfer took place\r\n    }\r\n\r\n    /* Allow another contract to spend some tokens in your behalf */\r\n    function approve(address _spender, uint256 _value)\r\n        returns (bool success) {\r\n        allowance[msg.sender][_spender] = _value;\r\n        tokenRecipient spender = tokenRecipient(_spender);\r\n        return true;\r\n    }\r\n\r\n    /* Approve and then comunicate the approved contract in a single tx */\r\n    function approveAndCall(address _spender, uint256 _value, bytes _extraData)\r\n        returns (bool success) {    \r\n        tokenRecipient spender = tokenRecipient(_spender);\r\n        if (approve(_spender, _value)) {\r\n            spender.receiveApproval(msg.sender, _value, this, _extraData);\r\n            return true;\r\n        }\r\n    }\r\n\r\n    /* A contract attempts to get the coins */\r\n    function transferFrom(address _from, address _to, uint256 _value) returns (bool success) {\r\n        if (balanceOf[_from] < _value) throw;                 // Check if the sender has enough\r\n        if (balanceOf[_to] + _value < balanceOf[_to]) throw;  // Check for overflows\r\n        if (_value > allowance[_from][msg.sender]) throw;   // Check allowance\r\n        balanceOf[_from] -= _value;                          // Subtract from the sender\r\n        balanceOf[_to] += _value;                            // Add the same to the recipient\r\n        allowance[_from][msg.sender] -= _value;\r\n        Transfer(_from, _to, _value);\r\n        return true;\r\n    }\r\n    \r\n    function setPrices(uint256 newBuyPrice) onlyOwner {\r\n        buyPrice = newBuyPrice;\r\n    }\r\n\r\n    function buy() payable {\r\n        uint amount = msg.value / buyPrice;                // calculates the amount\r\n        if (balanceOf[this] < amount) throw;               // checks if it has enough to sell\r\n        balanceOf[msg.sender] += amount;                   // adds the amount to buyer's balance\r\n        balanceOf[this] -= amount;                         // subtracts amount from seller's balance\r\n        Transfer(this, msg.sender, amount);                // execute an event reflecting the change\r\n    }\r\n    \r\n    function moveFunds() onlyOwner {\r\n        if (!project_wallet.send(this.balance)) throw;\r\n    }\r\n\r\n\r\n    /* This unnamed function is called whenever someone tries to send ether to it */\r\n    function () {\r\n        throw;     // Prevents accidental sending of ether\r\n    }\r\n}","ABI":"[{\"constant\":true,\"inputs\":[],\"name\":\"name\",\"outputs\":[{\"name\":\"\",\"type\":\"string\"}],\"payable\":false,\"type\":\"function\"},{\"constant\":false,\"inputs\":[{\"name\":\"_spender\",\"type\":\"address\"},{\"name\":\"_value\",\"type\":\"uint256\"}],\"name\":\"approve\",\"outputs\":[{\"name\":\"success\",\"type\":\"bool\"}],\"payable\":false,\"type\":\"function\"},{\"constant\":true,\"inputs\":[],\"name\":\"totalSupply\",\"outputs\":[{\"name\":\"\",\"type\":\"uint256\"}],\"payable\":false,\"type\":\"function\"},{\"constant\":false,\"inputs\":[{\"name\":\"_from\",\"type\":\"address\"},{\"name\":\"_to\",\"type\":\"address\"},{\"name\":\"_value\",\"type\":\"uint256\"}],\"name\":\"transferFrom\",\"outputs\":[{\"name\":\"success\",\"type\":\"bool\"}],\"payable\":false,\"type\":\"function\"},{\"constant\":true,\"inputs\":[],\"name\":\"decimals\",\"outputs\":[{\"name\":\"\",\"type\":\"uint8\"}],\"payable\":false,\"type\":\"function\"},{\"constant\":false,\"inputs\":[{\"name\":\"target\",\"type\":\"address\"}],\"name\":\"defineProjectWallet\",\"outputs\":[],\"payable\":false,\"type\":\"function\"},{\"constant\":false,\"inputs\":[{\"name\":\"burnAmount\",\"type\":\"uint256\"}],\"name\":\"distroyToken\",\"outputs\":[],\"payable\":false,\"type\":\"function\"},{\"constant\":true,\"inputs\":[],\"name\":\"standard\",\"outputs\":[{\"name\":\"\",\"type\":\"string\"}],\"payable\":false,\"type\":\"function\"},{\"constant\":true,\"inputs\":[{\"name\":\"\",\"type\":\"address\"}],\"name\":\"balanceOf\",\"outputs\":[{\"name\":\"\",\"type\":\"uint256\"}],\"payable\":false,\"type\":\"function\"},{\"constant\":false,\"inputs\":[{\"name\":\"target\",\"type\":\"address\"},{\"name\":\"mintedAmount\",\"type\":\"uint256\"}],\"name\":\"mintToken\",\"outputs\":[],\"payable\":false,\"type\":\"function\"},{\"constant\":true,\"inputs\":[],\"name\":\"buyPrice\",\"outputs\":[{\"name\":\"\",\"type\":\"uint256\"}],\"payable\":false,\"type\":\"function\"},{\"constant\":true,\"inputs\":[],\"name\":\"project_wallet\",\"outputs\":[{\"name\":\"\",\"type\":\"address\"}],\"payable\":false,\"type\":\"function\"},{\"constant\":true,\"inputs\":[],\"name\":\"owner\",\"outputs\":[{\"name\":\"\",\"type\":\"address\"}],\"payable\":false,\"type\":\"function\"},{\"constant\":true,\"inputs\":[],\"name\":\"symbol\",\"outputs\":[{\"name\":\"\",\"type\":\"string\"}],\"payable\":false,\"type\":\"function\"},{\"constant\":false,\"inputs\":[{\"name\":\"newBuyPrice\",\"type\":\"uint256\"}],\"name\":\"setPrices\",\"outputs\":[],\"payable\":false,\"type\":\"function\"},{\"constant\":false,\"inputs\":[],\"name\":\"buy\",\"outputs\":[],\"payable\":true,\"type\":\"function\"},{\"constant\":false,\"inputs\":[{\"name\":\"_to\",\"type\":\"address\"},{\"name\":\"_value\",\"type\":\"uint256\"}],\"name\":\"transfer\",\"outputs\":[],\"payable\":false,\"type\":\"function\"},{\"constant\":false,\"inputs\":[{\"name\":\"initialSupply\",\"type\":\"uint256\"},{\"name\":\"tokenName\",\"type\":\"string\"},{\"name\":\"decimalUnits\",\"type\":\"uint8\"},{\"name\":\"tokenSymbol\",\"type\":\"string\"}],\"name\":\"token\",\"outputs\":[],\"payable\":false,\"type\":\"function\"},{\"constant\":false,\"inputs\":[{\"name\":\"_spender\",\"type\":\"address\"},{\"name\":\"_value\",\"type\":\"uint256\"},{\"name\":\"_extraData\",\"type\":\"bytes\"}],\"name\":\"approveAndCall\",\"outputs\":[{\"name\":\"success\",\"type\":\"bool\"}],\"payable\":false,\"type\":\"function\"},{\"constant\":false,\"inputs\":[],\"name\":\"moveFunds\",\"outputs\":[],\"payable\":false,\"type\":\"function\"},{\"constant\":true,\"inputs\":[{\"name\":\"\",\"type\":\"address\"},{\"name\":\"\",\"type\":\"address\"}],\"name\":\"allowance\",\"outputs\":[{\"name\":\"\",\"type\":\"uint256\"}],\"payable\":false,\"type\":\"function\"},{\"constant\":false,\"inputs\":[{\"name\":\"newOwner\",\"type\":\"address\"}],\"name\":\"transferOwnership\",\"outputs\":[],\"payable\":false,\"type\":\"function\"},{\"payable\":false,\"type\":\"fallback\"},{\"anonymous\":false,\"inputs\":[{\"indexed\":true,\"name\":\"from\",\"type\":\"address\"},{\"indexed\":true,\"name\":\"to\",\"type\":\"address\"},{\"indexed\":false,\"name\":\"value\",\"type\":\"uint256\"}],\"name\":\"Transfer\",\"type\":\"event\"}]","ContractName":"BuyerToken","CompilerVersion":"v0.4.6+commit.2dabbdf0","OptimizationUsed":"1","Runs":"200","ConstructorArguments":"","Library":"","LicenseType":"","SwarmSource":""}
