{"SourceCode":"contract FastRealisticPyramid {\r\n\r\n        struct Person {\r\n                address etherAddress;\r\n                uint amount;\r\n        }\r\n\r\n        Person[] public person;\r\n\r\n        uint public payoutIdx = 0;\r\n        uint public collectedFees;\r\n        uint public balance = 0;\r\n\r\n        address public owner;\r\n\r\n        modifier onlyowner {\r\n                if (msg.sender == owner) _\r\n        }\r\n\r\n\r\n        function FastRealisticPyramid() {\r\n                owner = msg.sender;\r\n        }\r\n\r\n\r\n        function() {\r\n                enter();\r\n        }\r\n\r\n        function enter() {\r\n                if (msg.value < 1/100 ether || msg.value > 50) {\r\n                        msg.sender.send(msg.value);\r\n                        return;\r\n                }\r\n\r\n\r\n                uint idx = person.length;\r\n                person.length += 1;\r\n                person[idx].etherAddress = msg.sender;\r\n                person[idx].amount = msg.value;\r\n\r\n\r\n                if (idx != 0) {\r\n                        collectedFees += msg.value / 10;\r\n                        balance += msg.value;\r\n                } else {\r\n\r\n                        collectedFees += msg.value;\r\n                }\r\n\r\n\r\n                if (balance > person[payoutIdx].amount * 7/5) {\r\n                        uint transactionAmount = 7/5 * (person[payoutIdx].amount - person[payoutIdx].amount / 10);\r\n                        person[payoutIdx].etherAddress.send(transactionAmount);\r\n\r\n                        balance -= person[payoutIdx].amount * 7/5;\r\n                        payoutIdx += 1;\r\n                }\r\n        }\r\n\r\n        function collectFees() onlyowner {\r\n                if (collectedFees == 0) return;\r\n\r\n                owner.send(collectedFees);\r\n                collectedFees = 0;\r\n        }\r\n\r\n        function setOwner(address _owner) onlyowner {\r\n                owner = _owner;\r\n        }\r\n}","ABI":"[{\"constant\":true,\"inputs\":[{\"name\":\"\",\"type\":\"uint256\"}],\"name\":\"person\",\"outputs\":[{\"name\":\"etherAddress\",\"type\":\"address\"},{\"name\":\"amount\",\"type\":\"uint256\"}],\"type\":\"function\"},{\"constant\":false,\"inputs\":[{\"name\":\"_owner\",\"type\":\"address\"}],\"name\":\"setOwner\",\"outputs\":[],\"type\":\"function\"},{\"constant\":true,\"inputs\":[],\"name\":\"owner\",\"outputs\":[{\"name\":\"\",\"type\":\"address\"}],\"type\":\"function\"},{\"constant\":true,\"inputs\":[],\"name\":\"collectedFees\",\"outputs\":[{\"name\":\"\",\"type\":\"uint256\"}],\"type\":\"function\"},{\"constant\":true,\"inputs\":[],\"name\":\"payoutIdx\",\"outputs\":[{\"name\":\"\",\"type\":\"uint256\"}],\"type\":\"function\"},{\"constant\":true,\"inputs\":[],\"name\":\"balance\",\"outputs\":[{\"name\":\"\",\"type\":\"uint256\"}],\"type\":\"function\"},{\"constant\":false,\"inputs\":[],\"name\":\"collectFees\",\"outputs\":[],\"type\":\"function\"},{\"constant\":false,\"inputs\":[],\"name\":\"enter\",\"outputs\":[],\"type\":\"function\"},{\"inputs\":[],\"type\":\"constructor\"}]","ContractName":"FastRealisticPyramid","CompilerVersion":"v0.2.1-2016-01-30-91a6b35","OptimizationUsed":"1","Runs":"200","ConstructorArguments":"","Library":"","LicenseType":"","SwarmSource":""}
