{"SourceCode":"pragma solidity ^0.4.6;\r\n\r\n/**\r\n * \r\n * EventInfo - imutable class that denotes\r\n * the time of the virtual accelerator hack\r\n * event\r\n * \r\n */\r\ncontract EventInfo{\r\n    \r\n    \r\n    uint constant HACKATHON_5_WEEKS = 60 * 60 * 24 * 7 * 5;\r\n    uint constant T_1_WEEK = 60 * 60 * 24 * 7;\r\n\r\n    uint eventStart = 1479391200; // Thu, 17 Nov 2016 14:00:00 GMT\r\n    uint eventEnd = eventStart + HACKATHON_5_WEEKS;\r\n    \r\n    \r\n    /**\r\n     * getEventStart - return the start of the event time\r\n     */ \r\n    function getEventStart() constant returns (uint result){        \r\n       return eventStart;\r\n    } \r\n    \r\n    /**\r\n     * getEventEnd - return the end of the event time\r\n     */ \r\n    function getEventEnd() constant returns (uint result){        \r\n       return eventEnd;\r\n    } \r\n    \r\n    \r\n    /**\r\n     * getVotingStart - the voting starts 1 week after the \r\n     *                  event starts\r\n     */ \r\n    function getVotingStart() constant returns (uint result){\r\n        return eventStart+ T_1_WEEK;\r\n    }\r\n\r\n    /**\r\n     * getTradingStart - the DST tokens trading starts 1 week \r\n     *                   after the event starts\r\n     */ \r\n    function getTradingStart() constant returns (uint result){\r\n        return eventStart+ T_1_WEEK;\r\n    }\r\n\r\n    /**\r\n     * getNow - helper class to check what time the contract see\r\n     */\r\n    function getNow() constant returns (uint result){        \r\n       return now;\r\n    } \r\n    \r\n}","ABI":"[{\"constant\":true,\"inputs\":[],\"name\":\"getEventStart\",\"outputs\":[{\"name\":\"result\",\"type\":\"uint256\"}],\"payable\":false,\"type\":\"function\"},{\"constant\":true,\"inputs\":[],\"name\":\"getVotingStart\",\"outputs\":[{\"name\":\"result\",\"type\":\"uint256\"}],\"payable\":false,\"type\":\"function\"},{\"constant\":true,\"inputs\":[],\"name\":\"getNow\",\"outputs\":[{\"name\":\"result\",\"type\":\"uint256\"}],\"payable\":false,\"type\":\"function\"},{\"constant\":true,\"inputs\":[],\"name\":\"getTradingStart\",\"outputs\":[{\"name\":\"result\",\"type\":\"uint256\"}],\"payable\":false,\"type\":\"function\"},{\"constant\":true,\"inputs\":[],\"name\":\"getEventEnd\",\"outputs\":[{\"name\":\"result\",\"type\":\"uint256\"}],\"payable\":false,\"type\":\"function\"}]","ContractName":"EventInfo","CompilerVersion":"v0.4.6+commit.2dabbdf0","OptimizationUsed":"1","Runs":"200","ConstructorArguments":"","Library":"","LicenseType":"","SwarmSource":""}
