{"SourceCode":"/*\r\n  Copyright (c) 2015-2016 Oraclize SRL\r\n  Copyright (c) 2016 Oraclize LTD\r\n*/\r\n\r\ncontract OraclizeAddrResolver {\r\n\r\n    address public addr;\r\n\r\n    address owner;\r\n\r\n    function OraclizeAddrResolver(){\r\n        owner = msg.sender;\r\n    }\r\n\r\n    function changeOwner(address newowner){\r\n        if (msg.sender != owner) throw;\r\n        owner = newowner;\r\n    }\r\n\r\n    function getAddress() returns (address oaddr){\r\n        return addr;\r\n    }\r\n\r\n    function setAddr(address newaddr){\r\n        if (msg.sender != owner) throw;\r\n        addr = newaddr;\r\n    }\r\n\r\n}","ABI":"[{\"constant\":false,\"inputs\":[],\"name\":\"getAddress\",\"outputs\":[{\"name\":\"oaddr\",\"type\":\"address\"}],\"type\":\"function\"},{\"constant\":true,\"inputs\":[],\"name\":\"addr\",\"outputs\":[{\"name\":\"\",\"type\":\"address\"}],\"type\":\"function\"},{\"constant\":false,\"inputs\":[{\"name\":\"newowner\",\"type\":\"address\"}],\"name\":\"changeOwner\",\"outputs\":[],\"type\":\"function\"},{\"constant\":false,\"inputs\":[{\"name\":\"newaddr\",\"type\":\"address\"}],\"name\":\"setAddr\",\"outputs\":[],\"type\":\"function\"},{\"inputs\":[],\"type\":\"constructor\"}]","ContractName":"OraclizeAddrResolver","CompilerVersion":"v0.3.2+commit.81ae2a7","OptimizationUsed":"1","Runs":"200","ConstructorArguments":"","Library":"","LicenseType":"","SwarmSource":""}
