{"SourceCode":"/*\r\nCopyright (c) 2015-2016 Oraclize srl, Thomas Bertani\r\n*/\r\n\r\ncontract OraclizeAddrResolver {\r\n\r\n    address public addr;\r\n    \r\n    address owner;\r\n    \r\n    function OraclizeAddrResolver(){\r\n        owner = msg.sender;\r\n    }\r\n    \r\n    \r\n    function getAddress() returns (address oaddr){\r\n        return addr;\r\n    }\r\n    \r\n    function setAddr(address newaddr){\r\n        if (msg.sender != owner) throw;\r\n        addr = newaddr;\r\n    }\r\n    \r\n}","ABI":"[{\"constant\":false,\"inputs\":[],\"name\":\"getAddress\",\"outputs\":[{\"name\":\"oaddr\",\"type\":\"address\"}],\"type\":\"function\"},{\"constant\":true,\"inputs\":[],\"name\":\"addr\",\"outputs\":[{\"name\":\"\",\"type\":\"address\"}],\"type\":\"function\"},{\"constant\":false,\"inputs\":[{\"name\":\"newaddr\",\"type\":\"address\"}],\"name\":\"setAddr\",\"outputs\":[],\"type\":\"function\"},{\"inputs\":[],\"type\":\"constructor\"}]","ContractName":"OraclizeAddrResolver","CompilerVersion":"v0.2.0-2016-01-20-67c855c","OptimizationUsed":"0","Runs":"200","ConstructorArguments":"","Library":"","LicenseType":"","SwarmSource":""}
