{"SourceCode":"/* \r\nBased on a contract built by Vlad and Vitalik for Ether signal\r\nIf you need a license, refer to WTFPL.\r\n*/\r\n\r\ncontract EtherVote {\r\n    event LogVote(bytes32 indexed proposalHash, bool pro, address addr);\r\n    function vote(bytes32 proposalHash, bool pro) {\r\n        // don't accept ether\r\n        if (msg.value > 0) throw;\r\n        // Log the vote\r\n        LogVote(proposalHash, pro, msg.sender);\r\n    }\r\n\r\n    // again, no ether\r\n    function () { throw; }\r\n}","ABI":"[{\"constant\":false,\"inputs\":[{\"name\":\"proposalHash\",\"type\":\"bytes32\"},{\"name\":\"pro\",\"type\":\"bool\"}],\"name\":\"vote\",\"outputs\":[],\"type\":\"function\"},{\"anonymous\":false,\"inputs\":[{\"indexed\":true,\"name\":\"proposalHash\",\"type\":\"bytes32\"},{\"indexed\":false,\"name\":\"pro\",\"type\":\"bool\"},{\"indexed\":false,\"name\":\"addr\",\"type\":\"address\"}],\"name\":\"LogVote\",\"type\":\"event\"}]","ContractName":"EtherVote","CompilerVersion":"v0.3.5-2016-07-01-48238c9","OptimizationUsed":"1","Runs":"200","ConstructorArguments":"","Library":"","LicenseType":"","SwarmSource":""}
