{"SourceCode":"contract ClassicCheck {\r\n       function isClassic() constant returns (bool isClassic);\r\n}\r\n\r\ncontract SafeConditionalHFTransfer {\r\n\r\n    bool classic;\r\n    \r\n    function SafeConditionalHFTransfer() {\r\n        classic = ClassicCheck(0x882fb4240f9a11e197923d0507de9a983ed69239).isClassic();\r\n    }\r\n    \r\n    function classicTransfer(address to) {\r\n        if (!classic) \r\n            msg.sender.send(msg.value);\r\n        else\r\n            to.send(msg.value);\r\n    }\r\n    \r\n    function transfer(address to) {\r\n        if (classic)\r\n            msg.sender.send(msg.value);\r\n        else\r\n            to.send(msg.value);\r\n    }\r\n    \r\n}","ABI":"[{\"constant\":false,\"inputs\":[{\"name\":\"to\",\"type\":\"address\"}],\"name\":\"transfer\",\"outputs\":[],\"type\":\"function\"},{\"constant\":false,\"inputs\":[{\"name\":\"to\",\"type\":\"address\"}],\"name\":\"classicTransfer\",\"outputs\":[],\"type\":\"function\"},{\"inputs\":[],\"type\":\"constructor\"}]","ContractName":"SafeConditionalHFTransfer","CompilerVersion":"v0.3.5-2016-07-21-6610add","OptimizationUsed":"0","Runs":"200","ConstructorArguments":"","Library":"","LicenseType":"","SwarmSource":""}
