{"SourceCode":"contract lol{\r\n        address private admin;\r\n        function lol() {\r\n            admin = msg.sender;\r\n        }\r\n        modifier onlyowner {if (msg.sender == admin) _  }\r\nfunction recycle() onlyowner\r\n{\r\n        //Destroy the contract\r\n        selfdestruct(admin);\r\n    \r\n}\r\n}","ABI":"[{\"constant\":false,\"inputs\":[],\"name\":\"recycle\",\"outputs\":[],\"type\":\"function\"},{\"inputs\":[],\"type\":\"constructor\"}]","ContractName":"lol","CompilerVersion":"v0.3.1-2016-04-07-054bc2a","OptimizationUsed":"1","Runs":"200","ConstructorArguments":"","Library":"","LicenseType":"","SwarmSource":""}
