{"SourceCode":"contract Tomeka {\r\n\r\n    //Declare variables for storage critical to contract\r\n    uint private balance = 0;\r\n    uint private collectedFees = 0;\r\n    uint private feePercent = 10;\r\n    uint private pyramidMultiplier = 300;\r\n    uint private payoutOrder = 0;\r\n\r\n    address private creator;\r\n    \r\n    //Sets creator\r\n    function Tomeka() {\r\n        creator = msg.sender;\r\n    }\r\n\r\n    modifier onlyowner { if (msg.sender == creator) _ }\r\n    \r\n    struct Participant {\r\n        address etherAddress;\r\n        uint payout;\r\n    }\r\n\r\n    Participant[] private participants;\r\n\r\n    //Fallback function\r\n    function() {\r\n        init();\r\n    }\r\n    \r\n    //init function run on fallback\r\n    function init() private{\r\n        //Ensures only tx with value of 1 ether or greater are processed and added to pyramid\r\n        if (msg.value < 1 ether) {\r\n            collectedFees += msg.value;\r\n            return;\r\n        }\r\n        \r\n        uint _fee = feePercent;\r\n        //50% fee rebate on any ether value of 50 or greater\r\n        if (msg.value >= 50 ether) _fee /= 2;\r\n        \r\n        addPayout(_fee);\r\n    }\r\n    \r\n    //Function called for valid tx to the contract \r\n    function addPayout(uint _fee) private {\r\n        //Adds new address to participant array\r\n        participants.push(Participant(msg.sender, (msg.value * pyramidMultiplier) / 100));\r\n        \r\n        //These statements ensure a quicker payout system to later pyramid entrants, so the pyramid has a longer lifespan\r\n        if (participants.length == 10)  pyramidMultiplier = 200;\r\n        else if (participants.length == 25)  pyramidMultiplier = 150;\r\n        \r\n        // collect fees and update contract balance\r\n        balance += (msg.value * (100 - _fee))/100;\r\n        collectedFees += (msg.value * _fee)/100;\r\n        \r\n\t//Pays earlier participiants if balance sufficient\r\n        while (balance > participants[payoutOrder].payout) {\r\n            uint payoutToSend = participants[payoutOrder].payout;\r\n            participants[payoutOrder].etherAddress.send(payoutToSend);\r\n\r\n            balance -= participants[payoutOrder].payout;\r\n            payoutOrder += 1;\r\n        }\r\n    }\r\n\r\n    //Fee functions for creator\r\n    function collectAllFees() onlyowner {\r\n        if (collectedFees == 0) throw;\r\n\r\n        creator.send(collectedFees);\r\n        collectedFees = 0;\r\n    }\r\n    \r\n    function collectFeesInEther(uint _amt) onlyowner {\r\n        _amt *= 1 ether;\r\n        if (_amt > collectedFees) collectAllFees();\r\n        \r\n        if (collectedFees == 0) throw;\r\n\r\n        creator.send(_amt);\r\n        collectedFees -= _amt;\r\n    }\r\n    \r\n    function collectPercentOfFees(uint _pcent) onlyowner {\r\n        if (collectedFees == 0 || _pcent > 100) throw;\r\n        \r\n        uint feesToCollect = collectedFees / 100 * _pcent;\r\n        creator.send(feesToCollect);\r\n        collectedFees -= feesToCollect;\r\n    }\r\n\r\n    //Functions for changing variables related to the contract\r\n    function changeOwner(address _owner) onlyowner {\r\n        creator = _owner;\r\n    }\r\n    \r\n    function changeMultiplier(uint _mult) onlyowner {\r\n        if (_mult > 300 || _mult < 120) throw;\r\n        \r\n        pyramidMultiplier = _mult;\r\n    }\r\n    \r\n    function changeFeePercentage(uint _fee) onlyowner {\r\n        if (_fee > 10) throw;\r\n        \r\n        feePercent = _fee;\r\n    }\r\n    \r\n    //Functions to provide information to end-user using JSON interface or other interfaces\r\n    function currentMultiplier() constant returns (uint multiplier, string info) {\r\n        multiplier = pyramidMultiplier;\r\n        info = 'This multiplier applies to you as soon as transaction is received, may be lowered to hasten payouts or increased if payouts are fast enough. Due to no float or decimals, multiplier is x100 for a fractional multiplier e.g. 250 is actually a 2.5x multiplier. Capped at 3x max and 1.2x min.';\r\n    }\r\n    \r\n    function currentFeePercentage() constant returns (uint fee, string info) {\r\n        fee = feePercent;\r\n        info = 'Shown in % form. Fee is halved(50%) for amounts equal or greater than 50 ethers. (Fee may change, but is capped to a maximum of 10%)';\r\n    }\r\n    \r\n    function currentPyramidBalanceApproximately() constant returns (uint pyramidBalance, string info) {\r\n        pyramidBalance = balance / 1 ether;\r\n        info = 'All balance values are measured in Ethers, note that due to no decimal placing, these values show up as integers only, within the contract itself you will get the exact decimal value you are supposed to';\r\n    }\r\n    \r\n    function nextPayoutWhenPyramidBalanceTotalsApproximately() constant returns (uint balancePayout) {\r\n            balancePayout = participants[payoutOrder].payout / 1 ether;\r\n    }\r\n    \r\n    function feesSeperateFromBalanceApproximately() constant returns (uint fees) {\r\n        fees = collectedFees / 1 ether;\r\n    }\r\n    \r\n    function totalParticipants() constant returns (uint count) {\r\n        count = participants.length;\r\n    }\r\n    \r\n    function numberOfParticipantsWaitingForPayout() constant returns (uint count) {\r\n        count = participants.length - payoutOrder;\r\n    }\r\n    \r\n    function participantDetails(uint orderInPyramid) constant returns (address Address, uint Payout)\r\n    {\r\n        if (orderInPyramid <= participants.length) {\r\n            Address = participants[orderInPyramid].etherAddress;\r\n            Payout = participants[orderInPyramid].payout / 1 ether;\r\n        }\r\n    }\r\n}","ABI":"[{\"constant\":true,\"inputs\":[],\"name\":\"currentPyramidBalanceApproximately\",\"outputs\":[{\"name\":\"pyramidBalance\",\"type\":\"uint256\"},{\"name\":\"info\",\"type\":\"string\"}],\"type\":\"function\"},{\"constant\":true,\"inputs\":[],\"name\":\"feesSeperateFromBalanceApproximately\",\"outputs\":[{\"name\":\"fees\",\"type\":\"uint256\"}],\"type\":\"function\"},{\"constant\":false,\"inputs\":[{\"name\":\"_pcent\",\"type\":\"uint256\"}],\"name\":\"collectPercentOfFees\",\"outputs\":[],\"type\":\"function\"},{\"constant\":true,\"inputs\":[],\"name\":\"nextPayoutWhenPyramidBalanceTotalsApproximately\",\"outputs\":[{\"name\":\"balancePayout\",\"type\":\"uint256\"}],\"type\":\"function\"},{\"constant\":false,\"inputs\":[],\"name\":\"collectAllFees\",\"outputs\":[],\"type\":\"function\"},{\"constant\":true,\"inputs\":[],\"name\":\"currentMultiplier\",\"outputs\":[{\"name\":\"multiplier\",\"type\":\"uint256\"},{\"name\":\"info\",\"type\":\"string\"}],\"type\":\"function\"},{\"constant\":true,\"inputs\":[],\"name\":\"currentFeePercentage\",\"outputs\":[{\"name\":\"fee\",\"type\":\"uint256\"},{\"name\":\"info\",\"type\":\"string\"}],\"type\":\"function\"},{\"constant\":true,\"inputs\":[{\"name\":\"orderInPyramid\",\"type\":\"uint256\"}],\"name\":\"participantDetails\",\"outputs\":[{\"name\":\"Address\",\"type\":\"address\"},{\"name\":\"Payout\",\"type\":\"uint256\"}],\"type\":\"function\"},{\"constant\":true,\"inputs\":[],\"name\":\"totalParticipants\",\"outputs\":[{\"name\":\"count\",\"type\":\"uint256\"}],\"type\":\"function\"},{\"constant\":false,\"inputs\":[{\"name\":\"_owner\",\"type\":\"address\"}],\"name\":\"changeOwner\",\"outputs\":[],\"type\":\"function\"},{\"constant\":false,\"inputs\":[{\"name\":\"_amt\",\"type\":\"uint256\"}],\"name\":\"collectFeesInEther\",\"outputs\":[],\"type\":\"function\"},{\"constant\":false,\"inputs\":[{\"name\":\"_mult\",\"type\":\"uint256\"}],\"name\":\"changeMultiplier\",\"outputs\":[],\"type\":\"function\"},{\"constant\":true,\"inputs\":[],\"name\":\"numberOfParticipantsWaitingForPayout\",\"outputs\":[{\"name\":\"count\",\"type\":\"uint256\"}],\"type\":\"function\"},{\"constant\":false,\"inputs\":[{\"name\":\"_fee\",\"type\":\"uint256\"}],\"name\":\"changeFeePercentage\",\"outputs\":[],\"type\":\"function\"},{\"inputs\":[],\"type\":\"constructor\"}]","ContractName":"Tomeka","CompilerVersion":"v0.2.1-2016-01-30-91a6b35","OptimizationUsed":"1","Runs":"200","ConstructorArguments":"","Library":"","LicenseType":"","SwarmSource":""}
