{"SourceCode":"//! Github Hinting contract.\r\n//! By Gav Wood (Ethcore), 2016.\r\n//! Released under the Apache Licence 2.\r\n\r\ncontract GithubHint {\r\n    struct Entry {\r\n        string accountSlashRepo;\r\n        bytes20 commit;\r\n        address owner;\r\n    }\r\n    \r\n    modifier when_edit_allowed(bytes32 _content) { if (entries[_content].owner != 0 && entries[_content].owner != msg.sender) return; _ }\r\n    \r\n    function hint(bytes32 _content, string _accountSlashRepo, bytes20 _commit) when_edit_allowed(_content) {\r\n        entries[_content] = Entry(_accountSlashRepo, _commit, msg.sender);\r\n    }\r\n\r\n    function hintURL(bytes32 _content, string _url) when_edit_allowed(_content) {\r\n        entries[_content] = Entry(_url, 0, msg.sender);\r\n    }\r\n\r\n    function unhint(bytes32 _content) when_edit_allowed(_content) {\r\n        delete entries[_content];\r\n    }\r\n    \r\n    mapping (bytes32 => Entry) public entries;\r\n}","ABI":"[{\"constant\":false,\"inputs\":[{\"name\":\"_content\",\"type\":\"bytes32\"},{\"name\":\"_url\",\"type\":\"string\"}],\"name\":\"hintURL\",\"outputs\":[],\"type\":\"function\"},{\"constant\":false,\"inputs\":[{\"name\":\"_content\",\"type\":\"bytes32\"},{\"name\":\"_accountSlashRepo\",\"type\":\"string\"},{\"name\":\"_commit\",\"type\":\"bytes20\"}],\"name\":\"hint\",\"outputs\":[],\"type\":\"function\"},{\"constant\":true,\"inputs\":[{\"name\":\"\",\"type\":\"bytes32\"}],\"name\":\"entries\",\"outputs\":[{\"name\":\"accountSlashRepo\",\"type\":\"string\"},{\"name\":\"commit\",\"type\":\"bytes20\"},{\"name\":\"owner\",\"type\":\"address\"}],\"type\":\"function\"},{\"constant\":false,\"inputs\":[{\"name\":\"_content\",\"type\":\"bytes32\"}],\"name\":\"unhint\",\"outputs\":[],\"type\":\"function\"}]","ContractName":"GithubHint","CompilerVersion":"v0.3.6+commit.3fc68da","OptimizationUsed":"1","Runs":"200","ConstructorArguments":"","Library":"","LicenseType":"","SwarmSource":""}
