{"SourceCode":"pragma solidity ^0.4.0;\r\n\r\ncontract Resolver {\r\n    function supportsInterface(bytes4 interfaceID) constant returns (bool);\r\n    function dnsrr(bytes32 node) constant returns (bytes data);\r\n}\r\n\r\ncontract DNSResolver is Resolver {\r\n    address public owner;\r\n    mapping(bytes32=>bytes) zones;\r\n    \r\n    function OwnedResolver() {\r\n        owner = msg.sender;\r\n    }\r\n    \r\n    modifier owner_only {\r\n        if(msg.sender != owner) throw;\r\n        _;\r\n    }\r\n    \r\n    function supportsInterface(bytes4 interfaceID) constant returns (bool) {\r\n        return interfaceID == 0x126a710e;\r\n    }\r\n    \r\n    function dnsrr(bytes32 node) constant returns (bytes data) {\r\n        return zones[node];\r\n    }\r\n    \r\n    function setDnsrr(bytes32 node, bytes data) owner_only {\r\n        zones[node] = data;\r\n    }\r\n}","ABI":"[{\"constant\":true,\"inputs\":[{\"name\":\"interfaceID\",\"type\":\"bytes4\"}],\"name\":\"supportsInterface\",\"outputs\":[{\"name\":\"\",\"type\":\"bool\"}],\"payable\":false,\"type\":\"function\"},{\"constant\":true,\"inputs\":[{\"name\":\"node\",\"type\":\"bytes32\"}],\"name\":\"dnsrr\",\"outputs\":[{\"name\":\"data\",\"type\":\"bytes\"}],\"payable\":false,\"type\":\"function\"},{\"constant\":false,\"inputs\":[],\"name\":\"OwnedResolver\",\"outputs\":[],\"payable\":false,\"type\":\"function\"},{\"constant\":false,\"inputs\":[{\"name\":\"node\",\"type\":\"bytes32\"},{\"name\":\"data\",\"type\":\"bytes\"}],\"name\":\"setDnsrr\",\"outputs\":[],\"payable\":false,\"type\":\"function\"},{\"constant\":true,\"inputs\":[],\"name\":\"owner\",\"outputs\":[{\"name\":\"\",\"type\":\"address\"}],\"payable\":false,\"type\":\"function\"}]","ContractName":"DNSResolver","CompilerVersion":"v0.4.8-nightly.2016.12.16+commit.af8bc1c9","OptimizationUsed":"1","Runs":"200","ConstructorArguments":"","Library":"","LicenseType":"","SwarmSource":"bzzr://d92d458094c0c83ac94076fda171d5456728c97df67aed09af7985829b65dc86"}
