{"SourceCode":"contract AmIOnTheFork {\r\n    bool public forked = false;\r\n    address constant darkDAO = 0x304a554a310c7e546dfe434669c62820b7d83490;\r\n    // Check the fork condition during creation of the contract.\r\n    // This function should be called between block 1920000 and 1921200.\r\n    // Approximately between 2016-07-20 12:00:00 UTC and 2016-07-20 17:00:00 UTC.\r\n    // After that the status will be locked in.\r\n    function update() {\r\n        if (block.number >= 1920000 && block.number <= 1921200) {\r\n            forked = darkDAO.balance < 3600000 ether;\r\n        }\r\n    }\r\n    function() {\r\n        throw;\r\n    }\r\n}","ABI":"[{\"constant\":true,\"inputs\":[],\"name\":\"forked\",\"outputs\":[{\"name\":\"\",\"type\":\"bool\"}],\"type\":\"function\"},{\"constant\":false,\"inputs\":[],\"name\":\"update\",\"outputs\":[],\"type\":\"function\"}]","ContractName":"AmIOnTheFork","CompilerVersion":"v0.3.5-2016-07-01-48238c9","OptimizationUsed":"1","Runs":"200","ConstructorArguments":"","Library":"","LicenseType":"","SwarmSource":""}
