{"SourceCode":"//***********************************Ether Dice Game\r\n//\r\n//\r\n//  Hello player, this is a Ethereum based dice game. You must deposit minimum of \"MinDeposit\" to play (+transaction cost), if you send less it wont be counted. \r\n//  You have a 25% chance of winning the entire balance, whatever that amount is.  On average that means that 3 players will deposit before you will win the balance.\r\n//  Also every 40th player will win the jackpot, so make sure you are that person. The jackpot will be considerably more than the balance, so you have the chance to win big if you deposit fast! The fee and deposit rate can be changed by the owner, and it's publicly visible, after the dice has a big volume, the fee will be lowered!\r\n//  \r\n//  Good Luck and Have Fun!\r\n//\r\n//***********************************START\r\ncontract EthereumDice {\r\n\r\n  struct gamblerarray {\r\n      address etherAddress;\r\n      uint amount;\r\n  }\r\n\r\n//********************************************PUBLIC VARIABLES\r\n  \r\n  gamblerarray[] public gamblerlist;\r\n  uint public Gamblers_Until_Jackpot=0;\r\n  uint public Total_Gamblers=0;\r\n  uint public FeeRate=7;\r\n  uint public Bankroll = 0;\r\n  uint public Jackpot = 0;\r\n  uint public Total_Deposits=0;\r\n  uint public Total_Payouts=0;\r\n  uint public MinDeposit=1 ether;\r\n\r\n  address public owner;\r\n  uint Fees=0;\r\n  // simple single-sig function modifier\r\n  modifier onlyowner { if (msg.sender == owner) _ }\r\n\r\n//********************************************INIT\r\n\r\n  function EthereumDice() {\r\n    owner = msg.sender;\r\n  }\r\n\r\n//********************************************TRIGGER\r\n\r\n  function() {\r\n    enter();\r\n  }\r\n  \r\n//********************************************ENTER\r\n\r\n  function enter() {\r\n    if (msg.value >10 finney) {\r\n\r\n    uint amount=msg.value;\r\n    uint payout;\r\n\r\n\r\n    // add a new participant to the system and calculate total players\r\n    uint list_length = gamblerlist.length;\r\n    Total_Gamblers=list_length+1;\r\n    Gamblers_Until_Jackpot=40-(Total_Gamblers % 40);\r\n    gamblerlist.length += 1;\r\n    gamblerlist[list_length].etherAddress = msg.sender;\r\n    gamblerlist[list_length].amount = amount;\r\n\r\n\r\n\r\n    // set payout variables\r\n     Total_Deposits+=amount;       \t//update deposited amount\r\n\t    \r\n      Fees   =amount * FeeRate/100;    // 7% fee to the owner\r\n      amount-=amount * FeeRate/100;\r\n\t    \r\n      Bankroll += amount*80/100;     // 80% to the balance\r\n      amount-=amount*80/100;  \r\n\t    \r\n      Jackpot += amount;               \t//remaining to the jackpot\r\n\r\n\r\n    // payout fees to the owner\r\n     if (Fees != 0) \r\n     {\r\n      \towner.send(Fees);\t\t//send fee to owner\r\n\tTotal_Payouts+=Fees;        //update paid out amount\r\n     }\r\n \r\n    if (msg.value >= MinDeposit) \r\n     {\r\n\t     \r\n   //payout to participants\t\r\n     if(list_length%40==0 && Jackpot > 0)   \t\t\t\t//every 40th player wins the jackpot if  it's not 0\r\n\t{\r\n\tgamblerlist[list_length].etherAddress.send(Jackpot);         //send pay out to participant\r\n\tTotal_Payouts += Jackpot;               \t\t\t\t\t//update paid out amount   \r\n\tJackpot=0;\t\t\t\t\t\t\t\t\t//jackpot update\r\n\t}\r\n     else   \t\t\t\t\t\t\t\t\t\t\t//you either win the jackpot or the balance, but not both in 1 round\r\n\tif(uint(sha3(gamblerlist[list_length].etherAddress)) % 2==0 && list_length % 2==0 && Bankroll > 0) \t//if the hashed length of your address is even, \r\n\t{ \t\t\t\t\t\t\t\t\t\t\t\t   \t\t\t\t\t\t\t\t//which is a 25% chance, then you get paid out all balance!\r\n\tgamblerlist[list_length].etherAddress.send(Bankroll);        //send pay out to participant\r\n\tTotal_Payouts += Bankroll;               \t\t\t\t\t//update paid out amount\r\n\tBankroll = 0;                      \t\t\t\t\t\t//bankroll update\r\n\t}\r\n    \r\n    \r\n    \r\n    //enter function ends\r\n\t}\r\n    }\r\n  }\r\n\r\n//********************************************NEW OWNER\r\n\r\n  function setOwner(address new_owner) onlyowner { //set new owner of the casino\r\n      owner = new_owner;\r\n  }\r\n//********************************************SET MIN DEPOSIT\r\n\r\n  function setMinDeposit(uint new_mindeposit) onlyowner { //set new minimum deposit rate\r\n      MinDeposit = new_mindeposit;\r\n  }\r\n//********************************************SET FEE RATE\r\n\r\n  function setFeeRate(uint new_feerate) onlyowner { //set new fee rate\r\n      FeeRate = new_feerate;\r\n  }\r\n}","ABI":"[{\"constant\":true,\"inputs\":[],\"name\":\"MinDeposit\",\"outputs\":[{\"name\":\"\",\"type\":\"uint256\"}],\"type\":\"function\"},{\"constant\":false,\"inputs\":[{\"name\":\"new_owner\",\"type\":\"address\"}],\"name\":\"setOwner\",\"outputs\":[],\"type\":\"function\"},{\"constant\":true,\"inputs\":[{\"name\":\"\",\"type\":\"uint256\"}],\"name\":\"gamblerlist\",\"outputs\":[{\"name\":\"etherAddress\",\"type\":\"address\"},{\"name\":\"amount\",\"type\":\"uint256\"}],\"type\":\"function\"},{\"constant\":true,\"inputs\":[],\"name\":\"Gamblers_Until_Jackpot\",\"outputs\":[{\"name\":\"\",\"type\":\"uint256\"}],\"type\":\"function\"},{\"constant\":false,\"inputs\":[{\"name\":\"new_feerate\",\"type\":\"uint256\"}],\"name\":\"setFeeRate\",\"outputs\":[],\"type\":\"function\"},{\"constant\":true,\"inputs\":[],\"name\":\"Jackpot\",\"outputs\":[{\"name\":\"\",\"type\":\"uint256\"}],\"type\":\"function\"},{\"constant\":true,\"inputs\":[],\"name\":\"Total_Payouts\",\"outputs\":[{\"name\":\"\",\"type\":\"uint256\"}],\"type\":\"function\"},{\"constant\":true,\"inputs\":[],\"name\":\"owner\",\"outputs\":[{\"name\":\"\",\"type\":\"address\"}],\"type\":\"function\"},{\"constant\":false,\"inputs\":[{\"name\":\"new_mindeposit\",\"type\":\"uint256\"}],\"name\":\"setMinDeposit\",\"outputs\":[],\"type\":\"function\"},{\"constant\":true,\"inputs\":[],\"name\":\"FeeRate\",\"outputs\":[{\"name\":\"\",\"type\":\"uint256\"}],\"type\":\"function\"},{\"constant\":true,\"inputs\":[],\"name\":\"Total_Deposits\",\"outputs\":[{\"name\":\"\",\"type\":\"uint256\"}],\"type\":\"function\"},{\"constant\":true,\"inputs\":[],\"name\":\"Bankroll\",\"outputs\":[{\"name\":\"\",\"type\":\"uint256\"}],\"type\":\"function\"},{\"constant\":false,\"inputs\":[],\"name\":\"enter\",\"outputs\":[],\"type\":\"function\"},{\"constant\":true,\"inputs\":[],\"name\":\"Total_Gamblers\",\"outputs\":[{\"name\":\"\",\"type\":\"uint256\"}],\"type\":\"function\"},{\"inputs\":[],\"type\":\"constructor\"}]","ContractName":"EthereumDice","CompilerVersion":"v0.2.2-2016-03-10-34d714f","OptimizationUsed":"1","Runs":"200","ConstructorArguments":"","Library":"","LicenseType":"","SwarmSource":""}
