{"SourceCode":"contract tradeReport {\r\n    struct trade {\r\n        string symbol;\r\n        string price;\r\n        string quantity;\r\n        string buyer;\r\n        string seller;\r\n        string execID;\r\n    }\r\n    address public publisher;\r\n    trade public lastTrade;\r\n\r\n    function tradeReport() {\r\n        publisher = msg.sender;\r\n    }\r\n    \r\n    event Execution(string symbol, string price, string quantity, string buyer, string seller, string execID);\r\n    \r\n    function publishExecution(string symbol, string price, string quantity, string buyer, string seller, string execID) {\r\n        if (msg.sender != publisher)\r\n            throw;\r\n            \r\n        Execution(symbol, price, quantity, buyer, seller, execID);\r\n        lastTrade = trade(symbol, price, quantity, buyer, seller, execID);\r\n    }\r\n}","ABI":"[{\"constant\":false,\"inputs\":[{\"name\":\"symbol\",\"type\":\"string\"},{\"name\":\"price\",\"type\":\"string\"},{\"name\":\"quantity\",\"type\":\"string\"},{\"name\":\"buyer\",\"type\":\"string\"},{\"name\":\"seller\",\"type\":\"string\"},{\"name\":\"execID\",\"type\":\"string\"}],\"name\":\"publishExecution\",\"outputs\":[],\"payable\":false,\"type\":\"function\"},{\"constant\":true,\"inputs\":[],\"name\":\"publisher\",\"outputs\":[{\"name\":\"\",\"type\":\"address\"}],\"payable\":false,\"type\":\"function\"},{\"constant\":true,\"inputs\":[],\"name\":\"lastTrade\",\"outputs\":[{\"name\":\"symbol\",\"type\":\"string\"},{\"name\":\"price\",\"type\":\"string\"},{\"name\":\"quantity\",\"type\":\"string\"},{\"name\":\"buyer\",\"type\":\"string\"},{\"name\":\"seller\",\"type\":\"string\"},{\"name\":\"execID\",\"type\":\"string\"}],\"payable\":false,\"type\":\"function\"},{\"inputs\":[],\"payable\":false,\"type\":\"constructor\"},{\"anonymous\":false,\"inputs\":[{\"indexed\":false,\"name\":\"symbol\",\"type\":\"string\"},{\"indexed\":false,\"name\":\"price\",\"type\":\"string\"},{\"indexed\":false,\"name\":\"quantity\",\"type\":\"string\"},{\"indexed\":false,\"name\":\"buyer\",\"type\":\"string\"},{\"indexed\":false,\"name\":\"seller\",\"type\":\"string\"},{\"indexed\":false,\"name\":\"execID\",\"type\":\"string\"}],\"name\":\"Execution\",\"type\":\"event\"}]","ContractName":"tradeReport","CompilerVersion":"v0.4.10-nightly.2017.2.3+commit.5ce79609","OptimizationUsed":"0","Runs":"200","ConstructorArguments":"","Library":"","LicenseType":"","SwarmSource":"bzzr://521991e8f03487cbc9483e2284d84e66f22db68a82d9266f1b7765f034d5b701"}
