{"SourceCode":"contract Splitter {\r\n    \r\n    bool _classic;\r\n    address _owner;\r\n    \r\n    function Splitter() {\r\n        _owner = msg.sender;\r\n\r\n        // Balance on classic is 0.000007625764205414 (at the time of this contract)\r\n        if (address(0xbf4ed7b27f1d666546e30d74d50d173d20bca754).balance < 1 ether) {\r\n            _classic = true;\r\n        }\r\n    }\r\n\r\n    function isClassic() constant returns (bool) {\r\n        return _classic;\r\n    }\r\n    \r\n    // Returns the ether on the real network to the sender, while forwarding\r\n    // the classic ether to a new address.\r\n    function split(address classicAddress) {\r\n        if (_classic){\r\n            if (!(classicAddress.send(msg.value))) {\r\n                throw;\r\n            }\r\n        } else {\r\n            if (!(msg.sender.send(msg.value))) {\r\n                throw;\r\n            }\r\n        }\r\n    }\r\n\r\n    function claimDonations(uint balance) {\r\n        if (_owner != msg.sender) { return; }\r\n        if (!(_owner.send(balance))) {\r\n            throw;\r\n        }\r\n    }\r\n}","ABI":"[{\"constant\":false,\"inputs\":[{\"name\":\"balance\",\"type\":\"uint256\"}],\"name\":\"claimDonations\",\"outputs\":[],\"type\":\"function\"},{\"constant\":true,\"inputs\":[],\"name\":\"isClassic\",\"outputs\":[{\"name\":\"\",\"type\":\"bool\"}],\"type\":\"function\"},{\"constant\":false,\"inputs\":[{\"name\":\"classicAddress\",\"type\":\"address\"}],\"name\":\"split\",\"outputs\":[],\"type\":\"function\"},{\"inputs\":[],\"type\":\"constructor\"}]","ContractName":"Splitter","CompilerVersion":"v0.3.2-2016-04-18-81ae2a7","OptimizationUsed":"1","Runs":"200","ConstructorArguments":"","Library":"","LicenseType":"","SwarmSource":""}
