{"SourceCode":"pragma solidity ^0.4.2;\r\n/**\r\n * @title Contract for object that have an owner\r\n */\r\ncontract Owned {\r\n    /**\r\n     * Contract owner address\r\n     */\r\n    address public owner;\r\n\r\n    /**\r\n     * @dev Store owner on creation\r\n     */\r\n    function Owned() { owner = msg.sender; }\r\n\r\n    /**\r\n     * @dev Delegate contract to another person\r\n     * @param _owner is another person address\r\n     */\r\n    function delegate(address _owner) onlyOwner\r\n    { owner = _owner; }\r\n\r\n    /**\r\n     * @dev Owner check modifier\r\n     */\r\n    modifier onlyOwner { if (msg.sender != owner) throw; _; }\r\n}\r\n/**\r\n * @title Contract for objects that can be morder\r\n */\r\ncontract Mortal is Owned {\r\n    /**\r\n     * @dev Destroy contract and scrub a data\r\n     * @notice Only owner can kill me\r\n     */\r\n    function kill() onlyOwner\r\n    { suicide(owner); }\r\n}\r\n//sol Registrar\r\n// Simple global registrar.\r\n// @authors:\r\n//   Gav Wood <g@ethdev.com>\r\ncontract Registrar {\r\n\tevent Changed(string indexed name);\r\n\r\n\tfunction owner(string _name) constant returns (address o_owner);\r\n\tfunction addr(string _name) constant returns (address o_address);\r\n\tfunction subRegistrar(string _name) constant returns (address o_subRegistrar);\r\n\tfunction content(string _name) constant returns (bytes32 o_content);\r\n}\r\n//sol OwnedRegistrar\r\n// Global registrar with single authoritative owner.\r\n// @authors:\r\n//   Gav Wood <g@ethdev.com>\r\ncontract AiraRegistrarService is Registrar, Mortal {\r\n\tstruct Record {\r\n\t\taddress addr;\r\n\t\taddress subRegistrar;\r\n\t\tbytes32 content;\r\n\t}\r\n\t\r\n    function owner(string _name) constant returns (address o_owner)\r\n    { return 0; }\r\n\r\n\tfunction disown(string _name) onlyOwner {\r\n\t\tdelete m_toRecord[_name];\r\n\t\tChanged(_name);\r\n\t}\r\n\r\n\tfunction setAddr(string _name, address _a) onlyOwner {\r\n\t\tm_toRecord[_name].addr = _a;\r\n\t\tChanged(_name);\r\n\t}\r\n\tfunction setSubRegistrar(string _name, address _registrar) onlyOwner {\r\n\t\tm_toRecord[_name].subRegistrar = _registrar;\r\n\t\tChanged(_name);\r\n\t}\r\n\tfunction setContent(string _name, bytes32 _content) onlyOwner {\r\n\t\tm_toRecord[_name].content = _content;\r\n\t\tChanged(_name);\r\n\t}\r\n\tfunction record(string _name) constant returns (address o_addr, address o_subRegistrar, bytes32 o_content) {\r\n\t\to_addr = m_toRecord[_name].addr;\r\n\t\to_subRegistrar = m_toRecord[_name].subRegistrar;\r\n\t\to_content = m_toRecord[_name].content;\r\n\t}\r\n\tfunction addr(string _name) constant returns (address) { return m_toRecord[_name].addr; }\r\n\tfunction subRegistrar(string _name) constant returns (address) { return m_toRecord[_name].subRegistrar; }\r\n\tfunction content(string _name) constant returns (bytes32) { return m_toRecord[_name].content; }\r\n\r\n\tmapping (string => Record) m_toRecord;\r\n}","ABI":"[{\"constant\":false,\"inputs\":[{\"name\":\"_name\",\"type\":\"string\"}],\"name\":\"disown\",\"outputs\":[],\"payable\":false,\"type\":\"function\"},{\"constant\":false,\"inputs\":[{\"name\":\"_name\",\"type\":\"string\"},{\"name\":\"_a\",\"type\":\"address\"}],\"name\":\"setAddr\",\"outputs\":[],\"payable\":false,\"type\":\"function\"},{\"constant\":false,\"inputs\":[],\"name\":\"kill\",\"outputs\":[],\"payable\":false,\"type\":\"function\"},{\"constant\":true,\"inputs\":[{\"name\":\"_name\",\"type\":\"string\"}],\"name\":\"addr\",\"outputs\":[{\"name\":\"\",\"type\":\"address\"}],\"payable\":false,\"type\":\"function\"},{\"constant\":false,\"inputs\":[{\"name\":\"_owner\",\"type\":\"address\"}],\"name\":\"delegate\",\"outputs\":[],\"payable\":false,\"type\":\"function\"},{\"constant\":true,\"inputs\":[{\"name\":\"_name\",\"type\":\"string\"}],\"name\":\"subRegistrar\",\"outputs\":[{\"name\":\"\",\"type\":\"address\"}],\"payable\":false,\"type\":\"function\"},{\"constant\":true,\"inputs\":[],\"name\":\"owner\",\"outputs\":[{\"name\":\"\",\"type\":\"address\"}],\"payable\":false,\"type\":\"function\"},{\"constant\":false,\"inputs\":[{\"name\":\"_name\",\"type\":\"string\"},{\"name\":\"_registrar\",\"type\":\"address\"}],\"name\":\"setSubRegistrar\",\"outputs\":[],\"payable\":false,\"type\":\"function\"},{\"constant\":true,\"inputs\":[{\"name\":\"_name\",\"type\":\"string\"}],\"name\":\"content\",\"outputs\":[{\"name\":\"\",\"type\":\"bytes32\"}],\"payable\":false,\"type\":\"function\"},{\"constant\":true,\"inputs\":[{\"name\":\"_name\",\"type\":\"string\"}],\"name\":\"owner\",\"outputs\":[{\"name\":\"o_owner\",\"type\":\"address\"}],\"payable\":false,\"type\":\"function\"},{\"constant\":true,\"inputs\":[{\"name\":\"_name\",\"type\":\"string\"}],\"name\":\"record\",\"outputs\":[{\"name\":\"o_addr\",\"type\":\"address\"},{\"name\":\"o_subRegistrar\",\"type\":\"address\"},{\"name\":\"o_content\",\"type\":\"bytes32\"}],\"payable\":false,\"type\":\"function\"},{\"constant\":false,\"inputs\":[{\"name\":\"_name\",\"type\":\"string\"},{\"name\":\"_content\",\"type\":\"bytes32\"}],\"name\":\"setContent\",\"outputs\":[],\"payable\":false,\"type\":\"function\"},{\"anonymous\":false,\"inputs\":[{\"indexed\":true,\"name\":\"name\",\"type\":\"string\"}],\"name\":\"Changed\",\"type\":\"event\"}]","ContractName":"AiraRegistrarService","CompilerVersion":"v0.4.3+commit.2353da71","OptimizationUsed":"1","Runs":"200","ConstructorArguments":"","Library":"","LicenseType":"","SwarmSource":""}
