{"SourceCode":"pragma solidity ^0.4.6;\r\ncontract FileStorage {\t\r\n\taddress owner;\r\n\tmapping (bytes32=>File[]) public files;\r\n\t\r\n\tstruct File {\r\n\t\tstring title;\t\t\r\n\t\tstring category;\t\r\n\t\tstring extension;\t\r\n\t\tstring created;\t\t\r\n\t\tstring updated;\t\r\n\t\tuint version;\t\r\n\t\tbytes data;\t\t\t\r\n\t}\r\n\r\n    function FileStorage() {\r\n        owner = msg.sender;\r\n    }\r\n    \r\n    function Kill() {\r\n        if (msg.sender == owner)\r\n        selfdestruct(owner);\r\n    }\r\n\r\n\tfunction StoreFile(bytes32 key, string title, string category, string extension, string created, string updated, uint version, bytes data)\r\n\tpayable returns (bool success) {\r\n\t    var before = files[key].length;\t\r\n\t\tvar file = File(title, category, extension, created, updated, version, data);\t\r\n\t\tfiles[key].push(file);\t\r\n\t\t\t\r\n\t\tif (files[key].length > before) {\t\r\n\t\t\towner.send(this.balance);\r\n\t\t\treturn true;\r\n\t\t} else {\r\n\t\t\tmsg.sender.send(this.balance);\r\n\t\t\treturn false;\r\n\t\t}\r\n\r\n\t}\r\n\t\r\n\t\r\n\tfunction GetFileLocation(bytes32 key) constant returns (uint Loc) {\r\n\t\treturn files[key].length -1;\t\r\n\t}\r\n\t\r\n\tfunction() {\r\n\t    throw;\r\n\t}\r\n}","ABI":"[{\"constant\":true,\"inputs\":[{\"name\":\"\",\"type\":\"bytes32\"},{\"name\":\"\",\"type\":\"uint256\"}],\"name\":\"files\",\"outputs\":[{\"name\":\"title\",\"type\":\"string\"},{\"name\":\"category\",\"type\":\"string\"},{\"name\":\"extension\",\"type\":\"string\"},{\"name\":\"created\",\"type\":\"string\"},{\"name\":\"updated\",\"type\":\"string\"},{\"name\":\"version\",\"type\":\"uint256\"},{\"name\":\"data\",\"type\":\"bytes\"}],\"payable\":false,\"type\":\"function\"},{\"constant\":true,\"inputs\":[{\"name\":\"key\",\"type\":\"bytes32\"}],\"name\":\"GetFileLocation\",\"outputs\":[{\"name\":\"Loc\",\"type\":\"uint256\"}],\"payable\":false,\"type\":\"function\"},{\"constant\":false,\"inputs\":[{\"name\":\"key\",\"type\":\"bytes32\"},{\"name\":\"title\",\"type\":\"string\"},{\"name\":\"category\",\"type\":\"string\"},{\"name\":\"extension\",\"type\":\"string\"},{\"name\":\"created\",\"type\":\"string\"},{\"name\":\"updated\",\"type\":\"string\"},{\"name\":\"version\",\"type\":\"uint256\"},{\"name\":\"data\",\"type\":\"bytes\"}],\"name\":\"StoreFile\",\"outputs\":[{\"name\":\"success\",\"type\":\"bool\"}],\"payable\":true,\"type\":\"function\"},{\"constant\":false,\"inputs\":[],\"name\":\"Kill\",\"outputs\":[],\"payable\":false,\"type\":\"function\"},{\"inputs\":[],\"payable\":false,\"type\":\"constructor\"},{\"payable\":false,\"type\":\"fallback\"}]","ContractName":"FileStorage","CompilerVersion":"v0.4.6+commit.2dabbdf0","OptimizationUsed":"0","Runs":"200","ConstructorArguments":"","Library":"","LicenseType":"","SwarmSource":""}
