{"SourceCode":"contract ChineseCookies {\r\n\r\n        address[] bakers;\r\n        mapping(address => string[]) cookies;\r\n        mapping(string => string) wishes;\r\n\r\n        function ChineseCookies() {\r\n                bakeCookie(\"A friend asks only for your time not your money.\");\r\n                bakeCookie(\"If you refuse to accept anything but the best, you very often get it.\");\r\n                bakeCookie(\"A smile is your passport into the hearts of others.\");\r\n                bakeCookie(\"A good way to keep healthy is to eat more Chinese food.\");\r\n                bakeCookie(\"Your high-minded principles spell success.\");\r\n                bakeCookie(\"Hard work pays off in the future, laziness pays off now.\");\r\n                bakeCookie(\"Change can hurt, but it leads a path to something better.\");\r\n                bakeCookie(\"Enjoy the good luck a companion brings you.\");\r\n                bakeCookie(\"People are naturally attracted to you.\");\r\n                bakeCookie(\"A chance meeting opens new doors to success and friendship.\");\r\n                bakeCookie(\"You learn from your mistakes... You will learn a lot today.\");\r\n        }\r\n\r\n        function bakeCookie(string wish) {\r\n                var cookiesCount = cookies[msg.sender].push(wish);\r\n\r\n                // if it's the first cookie then we add sender to bakers list\r\n                if (cookiesCount == 1) {\r\n                        bakers.push(msg.sender);\r\n                }\r\n        }\r\n\r\n        function breakCookie(string name) {\r\n                var bakerAddress = bakers[block.number % bakers.length];\r\n                var bakerCookies = cookies[bakerAddress];\r\n\r\n                wishes[name] = bakerCookies[block.number % bakerCookies.length];\r\n        }\r\n}","ABI":"[{\"constant\":false,\"inputs\":[{\"name\":\"wish\",\"type\":\"string\"}],\"name\":\"bakeCookie\",\"outputs\":[],\"type\":\"function\"},{\"constant\":false,\"inputs\":[{\"name\":\"name\",\"type\":\"string\"}],\"name\":\"breakCookie\",\"outputs\":[],\"type\":\"function\"},{\"inputs\":[],\"type\":\"constructor\"}]","ContractName":"ChineseCookies","CompilerVersion":"v0.2.0-2015-12-21-6b711d0","OptimizationUsed":"1","Runs":"200","ConstructorArguments":"","Library":"","LicenseType":"","SwarmSource":""}
