{"SourceCode":"pragma solidity 0.4.4;\r\n\r\ncontract AddressNames{\r\n\r\n\tmapping(address => string) addressNames;\r\n\r\n\tfunction setName(string name){\r\n\t\tif(bytes(name).length >= 3){\r\n\t\t\taddressNames[msg.sender] = name;\r\n\t\t}\r\n\t}\r\n\r\n\tfunction hasName(address who) constant returns (bool hasAName){\r\n\t\thasAName = bytes(addressNames[who]).length != 0;\r\n\t}\r\n\r\n\tfunction getName(address who) constant returns (string name){\r\n\t\tname = addressNames[who];\r\n\t}\r\n}","ABI":"[{\"constant\":true,\"inputs\":[{\"name\":\"who\",\"type\":\"address\"}],\"name\":\"getName\",\"outputs\":[{\"name\":\"name\",\"type\":\"string\"}],\"payable\":false,\"type\":\"function\"},{\"constant\":true,\"inputs\":[{\"name\":\"who\",\"type\":\"address\"}],\"name\":\"hasName\",\"outputs\":[{\"name\":\"hasAName\",\"type\":\"bool\"}],\"payable\":false,\"type\":\"function\"},{\"constant\":false,\"inputs\":[{\"name\":\"name\",\"type\":\"string\"}],\"name\":\"setName\",\"outputs\":[],\"payable\":false,\"type\":\"function\"}]","ContractName":"AddressNames","CompilerVersion":"v0.4.4+commit.4633f3de","OptimizationUsed":"1","Runs":"200","ConstructorArguments":"","Library":"","LicenseType":"","SwarmSource":""}
