{"SourceCode":"pragma solidity ^0.4.0;\r\n\r\n/**\r\n * ERC-20 Token Interface\r\n *\r\n * https://github.com/ethereum/EIPs/issues/20\r\n */\r\ncontract ERC20 {\r\n\r\n  /// @return total amount of tokens\r\n  function totalSupply() constant returns (uint256 supply) {}\r\n\r\n  /// @param _owner The address from which the balance will be retrieved\r\n  /// @return The balance\r\n  function balanceOf(address _owner) constant returns (uint256 balance) {}\r\n\r\n  /// @notice send `_value` token to `_to` from `msg.sender`\r\n  /// @param _to The address of the recipient\r\n  /// @param _value The amount of token to be transferred\r\n  /// @return Whether the transfer was successful or not\r\n  function transfer(address _to, uint256 _value) returns (bool success) {}\r\n\r\n  /// @notice send `_value` token to `_to` from `_from` on the condition it is approved by `_from`\r\n  /// @param _from The address of the sender\r\n  /// @param _to The address of the recipient\r\n  /// @param _value The amount of token to be transferred\r\n  /// @return Whether the transfer was successful or not\r\n  function transferFrom(address _from, address _to, uint256 _value) returns (bool success) {}\r\n\r\n  /// @notice `msg.sender` approves `_addr` to spend `_value` tokens\r\n  /// @param _spender The address of the account able to transfer the tokens\r\n  /// @param _value The amount of wei to be approved for transfer\r\n  /// @return Whether the approval was successful or not\r\n  function approve(address _spender, uint256 _value) returns (bool success) {}\r\n\r\n  /// @param _owner The address of the account owning tokens\r\n  /// @param _spender The address of the account able to transfer the tokens\r\n  /// @return Amount of remaining tokens allowed to spent\r\n  function allowance(address _owner, address _spender) constant returns (uint256 remaining) {}\r\n\r\n  event Transfer(address indexed _from, address indexed _to, uint256 _value);\r\n  event Approval(address indexed _owner, address indexed _spender, uint256 _value);\r\n\r\n}\r\n\r\n/**\r\n * Standard ERC-20 token\r\n */\r\n contract StandardToken is ERC20 {\r\n\r\n  uint256 public totalSupply;\r\n  mapping(address => uint256) balances;\r\n  mapping (address => mapping (address => uint256)) allowed;\r\n\r\n\r\n  function balanceOf(address _owner) constant returns (uint256 balance) {\r\n    return balances[_owner];\r\n  }\r\n\r\n  function transfer(address _to, uint256 _value) returns (bool success) {\r\n    if (balances[msg.sender] >= _value && _value > 0) {\r\n      balances[msg.sender] -= _value;\r\n      balances[_to] += _value;\r\n      Transfer(msg.sender, _to, _value);\r\n      return true;\r\n    } else {\r\n      return false;\r\n    }\r\n  }\r\n\r\n  function transferFrom(address _from, address _to, uint256 _value) returns (bool success) {\r\n    if (balances[_from] >= _value && allowed[_from][msg.sender] >= _value && _value > 0) {\r\n      balances[_to] += _value;\r\n      balances[_from] -= _value;\r\n      allowed[_from][msg.sender] -= _value;\r\n      Transfer(_from, _to, _value);\r\n      return true;\r\n    } else {\r\n      return false;\r\n    }\r\n  }\r\n\r\n  function approve(address _spender, uint256 _value) returns (bool success) {\r\n    allowed[msg.sender][_spender] = _value;\r\n    Approval(msg.sender, _spender, _value);\r\n    return true;\r\n  }\r\n\r\n  function allowance(address _owner, address _spender) constant returns (uint256 remaining) {\r\n    return allowed[_owner][_spender];\r\n  }\r\n}\r\n\r\n\r\ncontract TST is StandardToken {\r\n    string public name = 'Test Standard Token';\r\n    string public symbol = 'TST';\r\n    uint public decimals = 18;\r\n\r\n    function showMeTheMoney(address _to, uint256 _value) {\r\n        totalSupply += _value;\r\n        balances[_to] += _value;\r\n        Transfer(0, _to, _value);\r\n    }\r\n}","ABI":"[{\"constant\":true,\"inputs\":[],\"name\":\"name\",\"outputs\":[{\"name\":\"\",\"type\":\"string\"}],\"payable\":false,\"type\":\"function\"},{\"constant\":false,\"inputs\":[{\"name\":\"_spender\",\"type\":\"address\"},{\"name\":\"_value\",\"type\":\"uint256\"}],\"name\":\"approve\",\"outputs\":[{\"name\":\"success\",\"type\":\"bool\"}],\"payable\":false,\"type\":\"function\"},{\"constant\":true,\"inputs\":[],\"name\":\"totalSupply\",\"outputs\":[{\"name\":\"\",\"type\":\"uint256\"}],\"payable\":false,\"type\":\"function\"},{\"constant\":false,\"inputs\":[{\"name\":\"_from\",\"type\":\"address\"},{\"name\":\"_to\",\"type\":\"address\"},{\"name\":\"_value\",\"type\":\"uint256\"}],\"name\":\"transferFrom\",\"outputs\":[{\"name\":\"success\",\"type\":\"bool\"}],\"payable\":false,\"type\":\"function\"},{\"constant\":true,\"inputs\":[],\"name\":\"decimals\",\"outputs\":[{\"name\":\"\",\"type\":\"uint256\"}],\"payable\":false,\"type\":\"function\"},{\"constant\":true,\"inputs\":[{\"name\":\"_owner\",\"type\":\"address\"}],\"name\":\"balanceOf\",\"outputs\":[{\"name\":\"balance\",\"type\":\"uint256\"}],\"payable\":false,\"type\":\"function\"},{\"constant\":true,\"inputs\":[],\"name\":\"symbol\",\"outputs\":[{\"name\":\"\",\"type\":\"string\"}],\"payable\":false,\"type\":\"function\"},{\"constant\":false,\"inputs\":[{\"name\":\"_to\",\"type\":\"address\"},{\"name\":\"_value\",\"type\":\"uint256\"}],\"name\":\"showMeTheMoney\",\"outputs\":[],\"payable\":false,\"type\":\"function\"},{\"constant\":false,\"inputs\":[{\"name\":\"_to\",\"type\":\"address\"},{\"name\":\"_value\",\"type\":\"uint256\"}],\"name\":\"transfer\",\"outputs\":[{\"name\":\"success\",\"type\":\"bool\"}],\"payable\":false,\"type\":\"function\"},{\"constant\":true,\"inputs\":[{\"name\":\"_owner\",\"type\":\"address\"},{\"name\":\"_spender\",\"type\":\"address\"}],\"name\":\"allowance\",\"outputs\":[{\"name\":\"remaining\",\"type\":\"uint256\"}],\"payable\":false,\"type\":\"function\"},{\"anonymous\":false,\"inputs\":[{\"indexed\":true,\"name\":\"_from\",\"type\":\"address\"},{\"indexed\":true,\"name\":\"_to\",\"type\":\"address\"},{\"indexed\":false,\"name\":\"_value\",\"type\":\"uint256\"}],\"name\":\"Transfer\",\"type\":\"event\"},{\"anonymous\":false,\"inputs\":[{\"indexed\":true,\"name\":\"_owner\",\"type\":\"address\"},{\"indexed\":true,\"name\":\"_spender\",\"type\":\"address\"},{\"indexed\":false,\"name\":\"_value\",\"type\":\"uint256\"}],\"name\":\"Approval\",\"type\":\"event\"}]","ContractName":"TST","CompilerVersion":"v0.4.9+commit.364da425","OptimizationUsed":"1","Runs":"200","ConstructorArguments":"","Library":"","LicenseType":"","SwarmSource":"bzzr://ca646559b15c8f4a7aa26c13288bdb1a545ab773b8c5d337511c2be1d4ace98a"}
