{"SourceCode":"contract AmIOnTheFork {\r\n    function forked() constant returns(bool);\r\n}\r\n\r\ncontract ReplaySafeSend {\r\n    // Fork oracle to use\r\n    AmIOnTheFork amIOnTheFork = AmIOnTheFork(0x2bd2326c993dfaef84f696526064ff22eba5b362);\r\n\r\n    function safeSend(address etcAddress) returns(bool) {\r\n        if (!amIOnTheFork.forked() && etcAddress.send(msg.value)) {\r\n            return true;\r\n        }\r\n        throw; // don't accept value transfer, otherwise it would be trapped.\r\n    }\r\n\r\n    // Reject value transfers.\r\n    function() {\r\n        throw;\r\n    }\r\n}","ABI":"[{\"constant\":false,\"inputs\":[{\"name\":\"etcAddress\",\"type\":\"address\"}],\"name\":\"safeSend\",\"outputs\":[{\"name\":\"\",\"type\":\"bool\"}],\"type\":\"function\"}]","ContractName":"ReplaySafeSend","CompilerVersion":"v0.3.5-2016-07-19-427deb4","OptimizationUsed":"1","Runs":"200","ConstructorArguments":"","Library":"","LicenseType":"","SwarmSource":""}
