{"SourceCode":"contract AlarmClockTipFaucet {\r\n// Alarm Clock 0.8 is on its way, adding time-based scheduling to Ethereum\r\n\r\n// This is a contract for tipping the dev for the work leading up to this 0.8 release\r\n\r\n// The TipFaucet is open for 10 days, after which the dev can withdraw a clump-sum\r\n\r\naddress piperMerriam;\r\nuint timeToPayout;\r\n\r\n\r\nfunction AlarmClockTipFaucet() {\r\n    piperMerriam = 0xd3cda913deb6f67967b99d67acdfa1712c293601;\r\n    timeToPayout = now + 10 days;\r\n}\r\n\r\nmodifier isPiper { \r\nif (msg.sender != piperMerriam) throw;\r\n_\r\n}\r\n\r\nmodifier isOpen {\r\nif(block.timestamp > timeToPayout) throw;\r\n_\r\n}\r\n\r\nmodifier canWithdraw {\r\nif(block.timestamp < timeToPayout) throw;\r\n_\r\n}\r\n\r\nfunction() isOpen {\r\n}\r\n\r\nfunction withdraw() isPiper canWithdraw {\r\n    msg.sender.send(this.balance);\r\n}\r\n\r\n}","ABI":"[{\"constant\":false,\"inputs\":[],\"name\":\"withdraw\",\"outputs\":[],\"type\":\"function\"},{\"inputs\":[],\"type\":\"constructor\"}]","ContractName":"AlarmClockTipFaucet","CompilerVersion":"v0.3.4-nightly.2016.6.8+commit.d593166","OptimizationUsed":"1","Runs":"200","ConstructorArguments":"","Library":"","LicenseType":"","SwarmSource":""}
