{"SourceCode":"contract Mortal {\r\n        address public owner;\r\n        function mortal() { owner = msg.sender; }\r\n        function kill() { if (msg.sender == owner) suicide(owner); }\r\n}\r\n\r\ncontract Thing is Mortal {\r\n        enum Mood { Agree, Disagree, Funny, Sad, Angry, Nothing }\r\n        // URL of the reaction - optional\r\n        string public url;\r\n        // Content of the reaction - optional\r\n        string public data;\r\n        // MIME type of the content - optional, default is text/plain\r\n        string public mimetype;\r\n        // Mood of the reaction - Mood.Nothing by default\r\n        Mood public mood;\r\n        Thing[] public reactions;\r\n\r\n        function thing( string _url\r\n                          , string _data\r\n                          , Mood _mood\r\n                          , string _mimetype) {\r\n                url = _url;\r\n                data = _data;\r\n                mimetype = _mimetype;\r\n                mood = _mood;\r\n        }\r\n\r\n        function react(Thing reaction) {\r\n                if (msg.sender != reaction.owner()) throw;\r\n\r\n                reactions.push(reaction);\r\n        }\r\n\r\n        function withdraw() {\r\n                if (msg.sender != owner) throw;\r\n\r\n                owner.send(this.balance);\r\n        }\r\n}","ABI":"[{\"constant\":true,\"inputs\":[],\"name\":\"mimetype\",\"outputs\":[{\"name\":\"\",\"type\":\"string\"}],\"type\":\"function\"},{\"constant\":false,\"inputs\":[],\"name\":\"withdraw\",\"outputs\":[],\"type\":\"function\"},{\"constant\":false,\"inputs\":[],\"name\":\"kill\",\"outputs\":[],\"type\":\"function\"},{\"constant\":false,\"inputs\":[{\"name\":\"_url\",\"type\":\"string\"},{\"name\":\"_data\",\"type\":\"string\"},{\"name\":\"_mood\",\"type\":\"uint8\"},{\"name\":\"_mimetype\",\"type\":\"string\"}],\"name\":\"thing\",\"outputs\":[],\"type\":\"function\"},{\"constant\":true,\"inputs\":[],\"name\":\"url\",\"outputs\":[{\"name\":\"\",\"type\":\"string\"}],\"type\":\"function\"},{\"constant\":true,\"inputs\":[{\"name\":\"\",\"type\":\"uint256\"}],\"name\":\"reactions\",\"outputs\":[{\"name\":\"\",\"type\":\"address\"}],\"type\":\"function\"},{\"constant\":true,\"inputs\":[],\"name\":\"mood\",\"outputs\":[{\"name\":\"\",\"type\":\"uint8\"}],\"type\":\"function\"},{\"constant\":true,\"inputs\":[],\"name\":\"data\",\"outputs\":[{\"name\":\"\",\"type\":\"string\"}],\"type\":\"function\"},{\"constant\":true,\"inputs\":[],\"name\":\"owner\",\"outputs\":[{\"name\":\"\",\"type\":\"address\"}],\"type\":\"function\"},{\"constant\":false,\"inputs\":[{\"name\":\"reaction\",\"type\":\"address\"}],\"name\":\"react\",\"outputs\":[],\"type\":\"function\"},{\"constant\":false,\"inputs\":[],\"name\":\"mortal\",\"outputs\":[],\"type\":\"function\"}]","ContractName":"Thing","CompilerVersion":"v0.3.2-2016-05-06-9e36bdd","OptimizationUsed":"1","Runs":"200","ConstructorArguments":"","Library":"","LicenseType":"","SwarmSource":""}
