{"SourceCode":"contract SimpleStorage {\r\n  uint storedData;\r\n\r\n  function set(uint x) {\r\n    storedData = x;\r\n  }\r\n\r\n  function get() constant returns (uint retVal) {\r\n    return storedData;\r\n  }\r\n}","ABI":"[{\"constant\":false,\"inputs\":[{\"name\":\"x\",\"type\":\"uint256\"}],\"name\":\"set\",\"outputs\":[],\"type\":\"function\"},{\"constant\":true,\"inputs\":[],\"name\":\"get\",\"outputs\":[{\"name\":\"retVal\",\"type\":\"uint256\"}],\"type\":\"function\"}]","ContractName":"SimpleStorage","CompilerVersion":"v0.3.3-2016-05-28-eb57a0c","OptimizationUsed":"1","Runs":"200","ConstructorArguments":"","Library":"","LicenseType":"","SwarmSource":""}
