{"SourceCode":"contract SimpleStorage {\r\n    uint storedData;\r\n    address storedAddress;\r\n    \r\n    event flag(uint val, address addr);\r\n\r\n    function set(uint x, address y) {\r\n        storedData = x;\r\n        storedAddress = y;\r\n    }\r\n\r\n    function get() constant returns (uint retVal, address retAddr) {\r\n        return (storedData, storedAddress);\r\n        flag(storedData, storedAddress);\r\n\r\n    }\r\n}","ABI":"[{\"constant\":false,\"inputs\":[{\"name\":\"x\",\"type\":\"uint256\"},{\"name\":\"y\",\"type\":\"address\"}],\"name\":\"set\",\"outputs\":[],\"type\":\"function\"},{\"constant\":true,\"inputs\":[],\"name\":\"get\",\"outputs\":[{\"name\":\"retVal\",\"type\":\"uint256\"},{\"name\":\"retAddr\",\"type\":\"address\"}],\"type\":\"function\"},{\"anonymous\":false,\"inputs\":[{\"indexed\":false,\"name\":\"val\",\"type\":\"uint256\"},{\"indexed\":false,\"name\":\"addr\",\"type\":\"address\"}],\"name\":\"flag\",\"type\":\"event\"}]","ContractName":"SimpleStorage","CompilerVersion":"v0.3.5-2016-08-04-b83acfa","OptimizationUsed":"1","Runs":"200","ConstructorArguments":"","Library":"","LicenseType":"","SwarmSource":""}
