{"SourceCode":"contract Oath {\r\n\tmapping (address => bytes) public sig;\r\n\r\n\tevent LogSignature(address indexed from, bytes version);\r\n\r\n\tfunction Oath() {\r\n\t\tif(msg.value > 0) { throw; }\r\n\t}\r\n\r\n\tfunction sign(bytes version) public {\r\n\t\tif(sig[msg.sender].length != 0 ) { throw; }\r\n\t\tif(msg.value > 0) { throw; }\r\n\r\n\t\tsig[msg.sender] = version;\r\n\t\tLogSignature(msg.sender, version);\r\n\t}\r\n\r\n\tfunction () { throw; }\r\n}","ABI":"[{\"constant\":true,\"inputs\":[{\"name\":\"\",\"type\":\"address\"}],\"name\":\"sig\",\"outputs\":[{\"name\":\"\",\"type\":\"bytes\"}],\"type\":\"function\"},{\"constant\":false,\"inputs\":[{\"name\":\"version\",\"type\":\"bytes\"}],\"name\":\"sign\",\"outputs\":[],\"type\":\"function\"},{\"inputs\":[],\"type\":\"constructor\"},{\"anonymous\":false,\"inputs\":[{\"indexed\":true,\"name\":\"from\",\"type\":\"address\"},{\"indexed\":false,\"name\":\"version\",\"type\":\"bytes\"}],\"name\":\"LogSignature\",\"type\":\"event\"}]","ContractName":"Oath","CompilerVersion":"v0.3.5-nightly.2016.8.8+commit.539afbe","OptimizationUsed":"1","Runs":"200","ConstructorArguments":"","Library":"","LicenseType":"","SwarmSource":""}
