{"SourceCode":"pragma solidity ^0.4.0;\r\n\r\ncontract tokenRecipient { function receiveApproval(address _from, uint256 _value, address _token, bytes _extraData); }\r\n\r\ncontract RoundToken {\r\n\r\n  string public constant name = \"ROUND\";\r\n  string public constant symbol = \"ROUND\";\r\n  uint8 public constant decimals = 18;\r\n  string public constant version = '0.1';\r\n  uint256 public constant totalSupply = 1000000000 * 1000000000000000000;\r\n\r\n  address public owner;\r\n\r\n  event Transfer(address indexed _from, address indexed _to, uint256 _value);\r\n  event Approval(address indexed _owner, address indexed _spender, uint256 _value);\r\n  event NewOwner(address _newOwner);\r\n\r\n  modifier checkIfToContract(address _to) {\r\n    if(_to != address(this))  {\r\n      _;\r\n    }\r\n  }\r\n\r\n  mapping (address => uint256) balances;\r\n  mapping (address => mapping (address => uint256)) allowed;\r\n\r\n  function RoundToken() {\r\n    owner = msg.sender;\r\n    balances[owner] = totalSupply;\r\n  }\r\n\r\n  function replaceOwner(address _newOwner) returns (bool success) {\r\n    if (msg.sender != owner) throw;\r\n    owner = _newOwner;\r\n    NewOwner(_newOwner);\r\n    return true;\r\n  }\r\n\r\n  function balanceOf(address _owner) constant returns (uint256 balance) {\r\n    return balances[_owner];\r\n  }\r\n\r\n  function transfer(address _to, uint256 _value) checkIfToContract(_to) returns (bool success) {\r\n    if (balances[msg.sender] >= _value && _value > 0) {\r\n      balances[msg.sender] -= _value;\r\n      balances[_to] += _value;\r\n      Transfer(msg.sender, _to, _value);\r\n      return true;\r\n    } else {\r\n      return false;\r\n    }\r\n  }\r\n\r\n  function transferFrom(address _from, address _to, uint256 _value) checkIfToContract(_to) returns (bool success) {\r\n    if (balances[_from] >= _value && allowed[_from][msg.sender] >= _value && _value > 0) {\r\n      balances[_to] += _value;\r\n      balances[_from] -= _value;\r\n      allowed[_from][msg.sender] -= _value;\r\n      Transfer(_from, _to, _value);\r\n      return true;\r\n    } else {\r\n      return false;\r\n    }\r\n  }\r\n\r\n  function approve(address _spender, uint256 _value) returns (bool success) {\r\n    allowed[msg.sender][_spender] = _value;\r\n    Approval(msg.sender, _spender, _value);\r\n    return true;\r\n  }\r\n\r\n  function approveAndCall(address _spender, uint256 _value, bytes _extraData) returns (bool success) {\r\n    tokenRecipient spender = tokenRecipient(_spender);\r\n    if (approve(_spender, _value)) {\r\n      spender.receiveApproval(msg.sender, _value, this, _extraData);\r\n      return true;\r\n    }\r\n  }\r\n\r\n  function allowance(address _owner, address _spender) constant returns (uint256 remaining) {\r\n    return allowed[_owner][_spender];\r\n  }\r\n}","ABI":"[{\"constant\":true,\"inputs\":[],\"name\":\"name\",\"outputs\":[{\"name\":\"\",\"type\":\"string\"}],\"payable\":false,\"type\":\"function\"},{\"constant\":false,\"inputs\":[{\"name\":\"_spender\",\"type\":\"address\"},{\"name\":\"_value\",\"type\":\"uint256\"}],\"name\":\"approve\",\"outputs\":[{\"name\":\"success\",\"type\":\"bool\"}],\"payable\":false,\"type\":\"function\"},{\"constant\":true,\"inputs\":[],\"name\":\"totalSupply\",\"outputs\":[{\"name\":\"\",\"type\":\"uint256\"}],\"payable\":false,\"type\":\"function\"},{\"constant\":false,\"inputs\":[{\"name\":\"_from\",\"type\":\"address\"},{\"name\":\"_to\",\"type\":\"address\"},{\"name\":\"_value\",\"type\":\"uint256\"}],\"name\":\"transferFrom\",\"outputs\":[{\"name\":\"success\",\"type\":\"bool\"}],\"payable\":false,\"type\":\"function\"},{\"constant\":true,\"inputs\":[],\"name\":\"decimals\",\"outputs\":[{\"name\":\"\",\"type\":\"uint8\"}],\"payable\":false,\"type\":\"function\"},{\"constant\":true,\"inputs\":[],\"name\":\"version\",\"outputs\":[{\"name\":\"\",\"type\":\"string\"}],\"payable\":false,\"type\":\"function\"},{\"constant\":true,\"inputs\":[{\"name\":\"_owner\",\"type\":\"address\"}],\"name\":\"balanceOf\",\"outputs\":[{\"name\":\"balance\",\"type\":\"uint256\"}],\"payable\":false,\"type\":\"function\"},{\"constant\":true,\"inputs\":[],\"name\":\"owner\",\"outputs\":[{\"name\":\"\",\"type\":\"address\"}],\"payable\":false,\"type\":\"function\"},{\"constant\":true,\"inputs\":[],\"name\":\"symbol\",\"outputs\":[{\"name\":\"\",\"type\":\"string\"}],\"payable\":false,\"type\":\"function\"},{\"constant\":false,\"inputs\":[{\"name\":\"_newOwner\",\"type\":\"address\"}],\"name\":\"replaceOwner\",\"outputs\":[{\"name\":\"success\",\"type\":\"bool\"}],\"payable\":false,\"type\":\"function\"},{\"constant\":false,\"inputs\":[{\"name\":\"_to\",\"type\":\"address\"},{\"name\":\"_value\",\"type\":\"uint256\"}],\"name\":\"transfer\",\"outputs\":[{\"name\":\"success\",\"type\":\"bool\"}],\"payable\":false,\"type\":\"function\"},{\"constant\":false,\"inputs\":[{\"name\":\"_spender\",\"type\":\"address\"},{\"name\":\"_value\",\"type\":\"uint256\"},{\"name\":\"_extraData\",\"type\":\"bytes\"}],\"name\":\"approveAndCall\",\"outputs\":[{\"name\":\"success\",\"type\":\"bool\"}],\"payable\":false,\"type\":\"function\"},{\"constant\":true,\"inputs\":[{\"name\":\"_owner\",\"type\":\"address\"},{\"name\":\"_spender\",\"type\":\"address\"}],\"name\":\"allowance\",\"outputs\":[{\"name\":\"remaining\",\"type\":\"uint256\"}],\"payable\":false,\"type\":\"function\"},{\"inputs\":[],\"type\":\"constructor\"},{\"anonymous\":false,\"inputs\":[{\"indexed\":true,\"name\":\"_from\",\"type\":\"address\"},{\"indexed\":true,\"name\":\"_to\",\"type\":\"address\"},{\"indexed\":false,\"name\":\"_value\",\"type\":\"uint256\"}],\"name\":\"Transfer\",\"type\":\"event\"},{\"anonymous\":false,\"inputs\":[{\"indexed\":true,\"name\":\"_owner\",\"type\":\"address\"},{\"indexed\":true,\"name\":\"_spender\",\"type\":\"address\"},{\"indexed\":false,\"name\":\"_value\",\"type\":\"uint256\"}],\"name\":\"Approval\",\"type\":\"event\"},{\"anonymous\":false,\"inputs\":[{\"indexed\":false,\"name\":\"_newOwner\",\"type\":\"address\"}],\"name\":\"NewOwner\",\"type\":\"event\"}]","ContractName":"RoundToken","CompilerVersion":"v0.4.3-nightly.2016.10.15+commit.482807f6","OptimizationUsed":"1","Runs":"200","ConstructorArguments":"","Library":"","LicenseType":"","SwarmSource":""}
