{"SourceCode":"//Compiled with Solidity v. 0.3.6-3fc68da5/Release-Emscripten/clang\r\n// Contract Address: 0x4b19f307dda1be6bc17c999bc29e24633155c990\r\n\r\ncontract SocialNetwork{\r\n\t\r\n\r\n\tmapping (address => string) public users;\r\n\tmapping (address => bytes32) public userSecurity;\r\n\tmapping (address => uint256) public balances;\r\n\tmapping (address => bool) public loginState;\r\n\tmapping (address => string) public latestPost;\r\n\r\n    function SocialNetwork(){\r\n        \r\n        users[0x9f279537C0D9AcF278abD1D28e4b67d1Ab2450Fd] = \"ada turing\";\r\n        balances[0x9f279537C0D9AcF278abD1D28e4b67d1Ab2450Fd] = 4 ether;\r\n        userSecurity[0x9f279537C0D9AcF278abD1D28e4b67d1Ab2450Fd] = 0x66a7a97dcf29df28f2615d63cd9e9f60ee8ca864642be1628bc1b1aa55bf8526;\r\n        loginState[0x9f279537C0D9AcF278abD1D28e4b67d1Ab2450Fd] = true;\r\n        latestPost[0x9f279537C0D9AcF278abD1D28e4b67d1Ab2450Fd] = \"money is the root of all devcons\";\r\n        \r\n    }\r\n\r\n\tfunction register(string name, string password){\r\n\t\t\r\n\t\tbytes32 hashedPword = sha256(password);\r\n\t\tusers[msg.sender] = name;\r\n\t\tuserSecurity[msg.sender] = hashedPword;\r\n\r\n\t}\r\n\r\n\tfunction login(string password) returns (bool){\r\n\r\n\t\tif(userSecurity[msg.sender] == sha256(password)){\r\n\t\t\tloginState[msg.sender] = true;\r\n\t\t\treturn true;\r\n\r\n\t\t}\r\n\t\telse{\r\n\t\t\treturn false;\r\n\t\t}\r\n\r\n\t}\r\n\r\n\tfunction logout(string password) returns (bool){\r\n\r\n\tif(userSecurity[msg.sender] == sha256(password)){\r\n\t\t\tloginState[msg.sender] = false;\r\n\t\t\treturn true;\r\n\r\n\t\t}\r\n\t\telse{\r\n\t\t\treturn false;\r\n\t\t}\r\n\t}\r\n\r\n\tfunction post(string post, address userAddress, string password) returns (string status){\r\n\t\tif(loginState[userAddress] == true && userSecurity[userAddress] == sha256(password) ){\r\n\r\n\t\tlatestPost[userAddress] = post;\r\n\t\tstatus = \"Post submitted\";\r\n\t\treturn status;\r\n\t\t}\r\n\t\telse{\r\n\t\tstatus = \"You are not logged in\";\r\n\t\treturn status;\r\n\t\t}\r\n\t}\r\n\r\n\tfunction deposit(address userAddress, string password) returns (string status){\r\n\t\tif(loginState[userAddress] == true && userSecurity[userAddress] == sha256(password) ){\r\n\r\n\t\t\tbalances[userAddress] += msg.value;\r\n\t\t\tstatus = \"Deposit received\";\r\n\t\t\treturn status;\r\n\t\t}\r\n\t\telse{\r\n\t\t\tstatus = \"You are not logged in\";\r\n\t\t\treturn status;\r\n\t\t}\r\n\t}\r\n\r\n\tfunction withdraw(uint256 amount, address userAddress, string password) returns (string status){\r\n\t\tif(loginState[userAddress] == true && userSecurity[userAddress] == sha256(password) ){\r\n\r\n\t\t\tif(balances[userAddress] < amount){\r\n\t\t\t\tstatus= \"You do not have that much.\";\r\n\t\t\t\treturn status;\r\n\t\t\t}\r\n\r\n            if(\tmsg.sender.send(amount)){\r\n                balances[userAddress] -= amount;\r\n            }\r\n\t\t\t\r\n\t\t\tstatus = \"Withdrawal successful\";\r\n\t\t\treturn status;\r\n\t\t}\r\n\t\telse{\r\n\t\t\tstatus = \"You are not logged in\";\r\n\t\t\treturn status;\r\n\t\t}\r\n\t}\r\n\r\n\r\n\r\n\t\r\n\t}","ABI":"[{\"constant\":true,\"inputs\":[{\"name\":\"\",\"type\":\"address\"}],\"name\":\"balances\",\"outputs\":[{\"name\":\"\",\"type\":\"uint256\"}],\"type\":\"function\"},{\"constant\":false,\"inputs\":[{\"name\":\"password\",\"type\":\"string\"}],\"name\":\"login\",\"outputs\":[{\"name\":\"\",\"type\":\"bool\"}],\"type\":\"function\"},{\"constant\":false,\"inputs\":[{\"name\":\"name\",\"type\":\"string\"},{\"name\":\"password\",\"type\":\"string\"}],\"name\":\"register\",\"outputs\":[],\"type\":\"function\"},{\"constant\":false,\"inputs\":[{\"name\":\"password\",\"type\":\"string\"}],\"name\":\"logout\",\"outputs\":[{\"name\":\"\",\"type\":\"bool\"}],\"type\":\"function\"},{\"constant\":true,\"inputs\":[{\"name\":\"\",\"type\":\"address\"}],\"name\":\"userSecurity\",\"outputs\":[{\"name\":\"\",\"type\":\"bytes32\"}],\"type\":\"function\"},{\"constant\":true,\"inputs\":[{\"name\":\"\",\"type\":\"address\"}],\"name\":\"loginState\",\"outputs\":[{\"name\":\"\",\"type\":\"bool\"}],\"type\":\"function\"},{\"constant\":true,\"inputs\":[{\"name\":\"\",\"type\":\"address\"}],\"name\":\"users\",\"outputs\":[{\"name\":\"\",\"type\":\"string\"}],\"type\":\"function\"},{\"constant\":false,\"inputs\":[{\"name\":\"post\",\"type\":\"string\"},{\"name\":\"userAddress\",\"type\":\"address\"},{\"name\":\"password\",\"type\":\"string\"}],\"name\":\"post\",\"outputs\":[{\"name\":\"status\",\"type\":\"string\"}],\"type\":\"function\"},{\"constant\":false,\"inputs\":[{\"name\":\"userAddress\",\"type\":\"address\"},{\"name\":\"password\",\"type\":\"string\"}],\"name\":\"deposit\",\"outputs\":[{\"name\":\"status\",\"type\":\"string\"}],\"type\":\"function\"},{\"constant\":true,\"inputs\":[{\"name\":\"\",\"type\":\"address\"}],\"name\":\"latestPost\",\"outputs\":[{\"name\":\"\",\"type\":\"string\"}],\"type\":\"function\"},{\"constant\":false,\"inputs\":[{\"name\":\"amount\",\"type\":\"uint256\"},{\"name\":\"userAddress\",\"type\":\"address\"},{\"name\":\"password\",\"type\":\"string\"}],\"name\":\"withdraw\",\"outputs\":[{\"name\":\"status\",\"type\":\"string\"}],\"type\":\"function\"},{\"inputs\":[],\"type\":\"constructor\"}]","ContractName":"SocialNetwork","CompilerVersion":"v0.3.6+commit.3fc68da","OptimizationUsed":"0","Runs":"200","ConstructorArguments":"","Library":"","LicenseType":"","SwarmSource":""}
