{"SourceCode":"contract Docsign\r\n{\r\n    //Fire when document hash is added to contract\r\n    event Added(address indexed _from);\r\n\r\n    //Fire when contract is deployed on the blockchain\r\n    event Created(address indexed _from);\r\n\r\n\r\n    struct Document {\r\n        uint version;\r\n        string name;\r\n        address creator;\r\n        string hash;\r\n        uint date;\r\n    }\r\n    Document[] public a_document;\r\n    uint length;\r\n\r\n    // Constructor. Can be used to track contract deployment\r\n    function Docsign() {\r\n        Created(msg.sender);\r\n    }\r\n\r\n    function Add(uint _version, string _name, string _hash) {\r\n        a_document.push(Document(_version,_name,msg.sender, _hash, now));\r\n        Added(msg.sender);\r\n    }\r\n    // Get number of element in Array a_document (does not used GAS)\r\n    function getCount() public constant returns(uint) {\r\n        return a_document.length;\r\n    }\r\n    \r\n    // fallback function (send back ether if contrat is used as wallet contract)\r\n    function() { throw; }\r\n\r\n}","ABI":"[{\"constant\":true,\"inputs\":[],\"name\":\"getCount\",\"outputs\":[{\"name\":\"\",\"type\":\"uint256\"}],\"type\":\"function\"},{\"constant\":true,\"inputs\":[{\"name\":\"\",\"type\":\"uint256\"}],\"name\":\"a_document\",\"outputs\":[{\"name\":\"version\",\"type\":\"uint256\"},{\"name\":\"name\",\"type\":\"string\"},{\"name\":\"creator\",\"type\":\"address\"},{\"name\":\"hash\",\"type\":\"string\"},{\"name\":\"date\",\"type\":\"uint256\"}],\"type\":\"function\"},{\"constant\":false,\"inputs\":[{\"name\":\"_version\",\"type\":\"uint256\"},{\"name\":\"_name\",\"type\":\"string\"},{\"name\":\"_hash\",\"type\":\"string\"}],\"name\":\"Add\",\"outputs\":[],\"type\":\"function\"},{\"inputs\":[],\"type\":\"constructor\"},{\"anonymous\":false,\"inputs\":[{\"indexed\":true,\"name\":\"_from\",\"type\":\"address\"}],\"name\":\"Added\",\"type\":\"event\"},{\"anonymous\":false,\"inputs\":[{\"indexed\":true,\"name\":\"_from\",\"type\":\"address\"}],\"name\":\"Created\",\"type\":\"event\"}]","ContractName":"Docsign","CompilerVersion":"v0.3.4-2016-05-31-7dab890","OptimizationUsed":"0","Runs":"200","ConstructorArguments":"","Library":"","LicenseType":"","SwarmSource":""}
