{"SourceCode":"contract Trademark {\r\nfunction getTrademark() constant returns (string) {\r\nreturn \"Global Net Encryption Investment Security Service (GNEISS) Software\";\r\n}\r\n}","ABI":"[{\"constant\":true,\"inputs\":[],\"name\":\"getTrademark\",\"outputs\":[{\"name\":\"\",\"type\":\"string\"}],\"type\":\"function\"}]","ContractName":"Trademark","CompilerVersion":"v0.3.5-2016-08-03-3b21d98","OptimizationUsed":"1","Runs":"200","ConstructorArguments":"","Library":"","LicenseType":"","SwarmSource":""}
