{"SourceCode":"//====================CRYSTAL DOUBLER\r\n//\r\n// Double your Ether in a short period of time!\r\n//\r\n// Minimum Deposit: 0.5 Ether (500 Finney)\r\n//\r\n// NO FEES!!\r\n//\r\n// Earn ETH Now!\r\n//\r\n//====================START\r\ncontract CrystalDoubler {\r\n\r\n  struct InvestorArray \r\n\t{\r\n      \taddress EtherAddress;\r\n      \tuint Amount;\r\n  \t}\r\n\r\n  InvestorArray[] public depositors;\r\n\r\n//====================VARIABLES\r\n\r\n  uint public Total_Players=0;\r\n  uint public Balance = 0;\r\n  uint public Total_Deposited=0;\r\n  uint public Total_Paid_Out=0;\r\nstring public Message=\"Welcome Player! Double your ETH Now!\";\r\n\t\r\n  address public owner;\r\n\r\n//====================INIT\r\n\r\n  function CrystalDoubler() {\r\n    owner = msg.sender;\r\n  }\r\n\r\n//====================TRIGGER\r\n\r\n  function() {\r\n    enter();\r\n  }\r\n  \r\n//====================ENTER\r\n\r\n  function enter() {\r\n    if (msg.value > 500 finney) {\r\n\r\n    uint Amount=msg.value;\r\n\r\n    // add a new participant to the system and calculate total players\r\n    Total_Players=depositors.length+1;\r\n    depositors.length += 1;\r\n    depositors[depositors.length-1].EtherAddress = msg.sender;\r\n    depositors[depositors.length-1].Amount = Amount;\r\n    Balance += Amount;               \t\t// Balance update\r\n    Total_Deposited+=Amount;       \t\t//update deposited Amount\r\n    uint payout;\r\n    uint nr=0;\r\n\r\n    while (Balance > depositors[nr].Amount * 200/100 && nr<Total_Players)\r\n     {\r\n      payout = depositors[nr].Amount *200/100;                           //calculate pay out\r\n      depositors[nr].EtherAddress.send(payout);                        //send pay out to participant\r\n      Balance -= depositors[nr].Amount *200/100;                         //balance update\r\n      Total_Paid_Out += depositors[nr].Amount *200/100;                 //update paid out amount   \r\n      }\r\n      \r\n  }\r\n}\r\n}","ABI":"[{\"constant\":true,\"inputs\":[],\"name\":\"Balance\",\"outputs\":[{\"name\":\"\",\"type\":\"uint256\"}],\"type\":\"function\"},{\"constant\":true,\"inputs\":[],\"name\":\"owner\",\"outputs\":[{\"name\":\"\",\"type\":\"address\"}],\"type\":\"function\"},{\"constant\":true,\"inputs\":[],\"name\":\"Message\",\"outputs\":[{\"name\":\"\",\"type\":\"string\"}],\"type\":\"function\"},{\"constant\":true,\"inputs\":[],\"name\":\"Total_Players\",\"outputs\":[{\"name\":\"\",\"type\":\"uint256\"}],\"type\":\"function\"},{\"constant\":true,\"inputs\":[],\"name\":\"Total_Deposited\",\"outputs\":[{\"name\":\"\",\"type\":\"uint256\"}],\"type\":\"function\"},{\"constant\":true,\"inputs\":[],\"name\":\"Total_Paid_Out\",\"outputs\":[{\"name\":\"\",\"type\":\"uint256\"}],\"type\":\"function\"},{\"constant\":true,\"inputs\":[{\"name\":\"\",\"type\":\"uint256\"}],\"name\":\"depositors\",\"outputs\":[{\"name\":\"EtherAddress\",\"type\":\"address\"},{\"name\":\"Amount\",\"type\":\"uint256\"}],\"type\":\"function\"},{\"constant\":false,\"inputs\":[],\"name\":\"enter\",\"outputs\":[],\"type\":\"function\"},{\"inputs\":[],\"type\":\"constructor\"}]","ContractName":"CrystalDoubler","CompilerVersion":"v0.3.1-2016-04-12-3ad5e82","OptimizationUsed":"1","Runs":"200","ConstructorArguments":"","Library":"","LicenseType":"","SwarmSource":""}
