{"SourceCode":"// Refund contract for trust DAO #57\r\n\r\ncontract DAO {\r\n    function balanceOf(address addr) returns (uint);\r\n    function transferFrom(address from, address to, uint balance) returns (bool);\r\n    uint public totalSupply;\r\n}\r\n\r\ncontract WithdrawDAO {\r\n    DAO constant public mainDAO = DAO(0x057b56736d32b86616a10f619859c6cd6f59092a);\r\n    address public trustee = 0x065f074f1e93a215a9a05b2c92059ca44a4827eb;\r\n\r\n    function withdraw(){\r\n        uint balance = mainDAO.balanceOf(msg.sender);\r\n\r\n        if (!mainDAO.transferFrom(msg.sender, this, balance) || !msg.sender.send(balance))\r\n            throw;\r\n    }\r\n\r\n    function trusteeWithdraw() {\r\n        trustee.send((this.balance + mainDAO.balanceOf(this)) - mainDAO.totalSupply());\r\n    }\r\n}","ABI":"[{\"constant\":false,\"inputs\":[],\"name\":\"trusteeWithdraw\",\"outputs\":[],\"type\":\"function\"},{\"constant\":false,\"inputs\":[],\"name\":\"withdraw\",\"outputs\":[],\"type\":\"function\"},{\"constant\":true,\"inputs\":[],\"name\":\"mainDAO\",\"outputs\":[{\"name\":\"\",\"type\":\"address\"}],\"type\":\"function\"},{\"constant\":true,\"inputs\":[],\"name\":\"trustee\",\"outputs\":[{\"name\":\"\",\"type\":\"address\"}],\"type\":\"function\"}]","ContractName":"WithdrawDAO","CompilerVersion":"v0.3.5-2016-06-10-5f97274","OptimizationUsed":"1","Runs":"200","ConstructorArguments":"","Library":"","LicenseType":"","SwarmSource":""}
