{"SourceCode":"contract Prism {\r\n    address constant theWithdraw = 0xbf4ed7b27f1d666546e30d74d50d173d20bca754;\r\n    function Prism() {\r\n        forked = theWithdraw.balance > 1 ether;\r\n    }\r\n    \r\n    function transferETC(address to) {\r\n        if (forked)\r\n            throw;\r\n        if (!to.send(msg.value))\r\n            throw;\r\n    }\r\n\r\n    function transferETH(address to) {\r\n        if (!forked)\r\n            throw;\r\n        if (!to.send(msg.value))\r\n            throw;\r\n    }\r\n    \r\n    bool public forked;\r\n}","ABI":"[{\"constant\":true,\"inputs\":[],\"name\":\"forked\",\"outputs\":[{\"name\":\"\",\"type\":\"bool\"}],\"type\":\"function\"},{\"constant\":false,\"inputs\":[{\"name\":\"to\",\"type\":\"address\"}],\"name\":\"transferETC\",\"outputs\":[],\"type\":\"function\"},{\"constant\":false,\"inputs\":[{\"name\":\"to\",\"type\":\"address\"}],\"name\":\"transferETH\",\"outputs\":[],\"type\":\"function\"},{\"inputs\":[],\"type\":\"constructor\"}]","ContractName":"Prism","CompilerVersion":"v0.3.5-2016-07-21-6610add","OptimizationUsed":"0","Runs":"200","ConstructorArguments":"","Library":"","LicenseType":"","SwarmSource":""}
