{"SourceCode":"contract Vote {\r\n    address creator;\r\n\r\n    function Vote() {\r\n        creator = msg.sender;\r\n    }\r\n\r\n    function() {\r\n        if (msg.value > 0) {\r\n            tx.origin.send(msg.value);\r\n        }\r\n    }\r\n\r\n    function kill() {\r\n        if (msg.sender == creator) {\r\n            suicide(creator);\r\n        }\r\n    }\r\n}","ABI":"[{\"constant\":false,\"inputs\":[],\"name\":\"kill\",\"outputs\":[],\"type\":\"function\"},{\"inputs\":[],\"type\":\"constructor\"}]","ContractName":"Vote","CompilerVersion":"v0.3.5-2016-07-01-48238c9","OptimizationUsed":"0","Runs":"200","ConstructorArguments":"","Library":"","LicenseType":"","SwarmSource":""}
