{"SourceCode":"contract Vote {\r\n    event LogVote(address indexed addr);\r\n\r\n    function() {\r\n        LogVote(msg.sender);\r\n\r\n        if (msg.value > 0) {\r\n            msg.sender.send(msg.value);\r\n        }\r\n    }\r\n}","ABI":"[{\"anonymous\":false,\"inputs\":[{\"indexed\":true,\"name\":\"addr\",\"type\":\"address\"}],\"name\":\"LogVote\",\"type\":\"event\"}]","ContractName":"Vote","CompilerVersion":"v0.3.5-2016-07-01-48238c9","OptimizationUsed":"0","Runs":"200","ConstructorArguments":"","Library":"","LicenseType":"","SwarmSource":""}
