{"SourceCode":"contract ExtraBalToken {\r\n    uint256 public totalSupply;\r\n\r\n    /* This creates an array with all balances */\r\n    mapping (address => uint256) public balanceOf;\r\n    mapping (address => mapping (address => uint256)) public allowance;\r\n\r\n    /* This generates a public event on the blockchain that will notify clients */\r\n    event Transfer(address indexed from, address indexed to, uint256 value);\r\n\r\n    /* Send coins */\r\n    function transfer(address _to, uint256 _value) {\r\n        if (balanceOf[msg.sender] < _value) throw;           // Check if the sender has enough\r\n        if (balanceOf[_to] + _value < balanceOf[_to]) throw; // Check for overflows\r\n        balanceOf[msg.sender] -= _value;                     // Subtract from the sender\r\n        balanceOf[_to] += _value;                            // Add the same to the recipient\r\n        Transfer(msg.sender, _to, _value);                   // Notify anyone listening that this transfer took place\r\n    }\r\n\r\n    /* Allow another contract to spend some tokens in your behalf */\r\n    function approve(address _spender, uint256 _value)\r\n        returns (bool success) {\r\n        allowance[msg.sender][_spender] = _value;\r\n        return true;\r\n    }\r\n\r\n    /* A contract attempts to get the coins */\r\n    function transferFrom(address _from, address _to, uint256 _value) returns (bool success) {\r\n        if (balanceOf[_from] < _value) throw;                 // Check if the sender has enough\r\n        if (balanceOf[_to] + _value < balanceOf[_to]) throw;  // Check for overflows\r\n        if (_value > allowance[_from][msg.sender]) throw;   // Check allowance\r\n        balanceOf[_from] -= _value;                          // Subtract from the sender\r\n        balanceOf[_to] += _value;                            // Add the same to the recipient\r\n        allowance[_from][msg.sender] -= _value;\r\n        Transfer(_from, _to, _value);\r\n        return true;\r\n    }\r\n\r\n    /* This unnamed function is called whenever someone tries to send ether to it */\r\n    function () {\r\n        throw;     // Prevents accidental sending of ether\r\n    }\r\n\r\n    uint constant D160 = 0x10000000000000000000000000000000000000000;\r\n\r\n    address public owner;\r\n\r\n    function ExtraBalToken() {\r\n        owner = msg.sender;\r\n    }\r\n\r\n    bool public sealed;\r\n    // The 160 LSB is the address of the balance\r\n    // The 96 MSB is the balance of that address.\r\n    function fill(uint[] data) {\r\n        if ((msg.sender != owner)||(sealed))\r\n            throw;\r\n\r\n        for (uint i=0; i<data.length; i++) {\r\n            address a = address( data[i] & (D160-1) );\r\n            uint amount = data[i] / D160;\r\n            if (balanceOf[a] == 0) {   // In case it's filled two times, it only increments once\r\n                balanceOf[a] = amount;\r\n                totalSupply += amount;\r\n            }\r\n        }\r\n    }\r\n\r\n    function seal() {\r\n        if ((msg.sender != owner)||(sealed))\r\n            throw;\r\n\r\n        sealed= true;\r\n    }\r\n\r\n}","ABI":"[{\"constant\":false,\"inputs\":[{\"name\":\"_spender\",\"type\":\"address\"},{\"name\":\"_value\",\"type\":\"uint256\"}],\"name\":\"approve\",\"outputs\":[{\"name\":\"success\",\"type\":\"bool\"}],\"type\":\"function\"},{\"constant\":true,\"inputs\":[],\"name\":\"totalSupply\",\"outputs\":[{\"name\":\"\",\"type\":\"uint256\"}],\"type\":\"function\"},{\"constant\":false,\"inputs\":[{\"name\":\"_from\",\"type\":\"address\"},{\"name\":\"_to\",\"type\":\"address\"},{\"name\":\"_value\",\"type\":\"uint256\"}],\"name\":\"transferFrom\",\"outputs\":[{\"name\":\"success\",\"type\":\"bool\"}],\"type\":\"function\"},{\"constant\":false,\"inputs\":[],\"name\":\"seal\",\"outputs\":[],\"type\":\"function\"},{\"constant\":true,\"inputs\":[{\"name\":\"\",\"type\":\"address\"}],\"name\":\"balanceOf\",\"outputs\":[{\"name\":\"\",\"type\":\"uint256\"}],\"type\":\"function\"},{\"constant\":false,\"inputs\":[{\"name\":\"data\",\"type\":\"uint256[]\"}],\"name\":\"fill\",\"outputs\":[],\"type\":\"function\"},{\"constant\":true,\"inputs\":[],\"name\":\"owner\",\"outputs\":[{\"name\":\"\",\"type\":\"address\"}],\"type\":\"function\"},{\"constant\":false,\"inputs\":[{\"name\":\"_to\",\"type\":\"address\"},{\"name\":\"_value\",\"type\":\"uint256\"}],\"name\":\"transfer\",\"outputs\":[],\"type\":\"function\"},{\"constant\":true,\"inputs\":[{\"name\":\"\",\"type\":\"address\"},{\"name\":\"\",\"type\":\"address\"}],\"name\":\"allowance\",\"outputs\":[{\"name\":\"\",\"type\":\"uint256\"}],\"type\":\"function\"},{\"constant\":true,\"inputs\":[],\"name\":\"sealed\",\"outputs\":[{\"name\":\"\",\"type\":\"bool\"}],\"type\":\"function\"},{\"inputs\":[],\"type\":\"constructor\"},{\"anonymous\":false,\"inputs\":[{\"indexed\":true,\"name\":\"from\",\"type\":\"address\"},{\"indexed\":true,\"name\":\"to\",\"type\":\"address\"},{\"indexed\":false,\"name\":\"value\",\"type\":\"uint256\"}],\"name\":\"Transfer\",\"type\":\"event\"}]","ContractName":"ExtraBalToken","CompilerVersion":"v0.3.6-2016-08-17-c499470","OptimizationUsed":"1","Runs":"200","ConstructorArguments":"","Library":"","LicenseType":"","SwarmSource":""}
