{"SourceCode":"pragma solidity ^0.4.8;\r\n\r\n// ----------------------------------------------------------------------------------------------\r\n// Unique ICO deposit contacts for customers to deposit ethers that are sent to different\r\n// wallets\r\n//\r\n// Enjoy. (c) Bok Consulting Pty Ltd & Incent Rewards 2017. The MIT Licence.\r\n// ----------------------------------------------------------------------------------------------\r\n\r\ncontract Owned {\r\n    address public owner;\r\n    event OwnershipTransferred(address indexed _from, address indexed _to);\r\n\r\n    function Owned() {\r\n        owner = msg.sender;\r\n    }\r\n\r\n    modifier onlyOwner {\r\n        if (msg.sender != owner) throw;\r\n        _;\r\n    }\r\n\r\n    function transferOwnership(address newOwner) onlyOwner {\r\n        OwnershipTransferred(owner, newOwner);\r\n        owner = newOwner;\r\n    }\r\n}\r\n\r\ncontract ICODepositContract {\r\n    uint256 public totalDeposit;\r\n    ICOCustomerDeposit public customerDeposit;\r\n\r\n    function ICODepositContract(ICOCustomerDeposit _customerDeposit) {\r\n        customerDeposit = _customerDeposit;\r\n    }\r\n\r\n    function () payable {\r\n        totalDeposit += msg.value;\r\ncustomerDeposit.customerDepositedEther.value(msg.value)();\r\n    }\r\n}\r\n\r\n\r\ncontract ICOCustomerDeposit is Owned {\r\n    uint256 public totalDeposits;\r\n    ICODepositContract[] public contracts;\r\n\r\n    event Deposit(address indexed _from, uint _value);\r\n\r\n    // Define destination addresses\r\n    // 0.5%\r\n    address incentToCustomer = 0xa5f93F2516939d592f00c1ADF0Af4ABE589289ba;\r\n    // 0.5%\r\n    address icoFees = 0x38671398aD25461FB446A9BfaC2f4ED857C86863;\r\n    // 99%\r\n    address icoClientWallet = 0x994B085D71e0f9a7A36bE4BE691789DBf19009c8;\r\n\r\n    function createNewDepositContract(uint256 number) onlyOwner {\r\n        for (uint256 i = 0; i < number; i++) {\r\n            ICODepositContract depositContract = new ICODepositContract(this);\r\n            contracts.push(depositContract);\r\n        }\r\n    }\r\n\r\n    function customerDepositedEther() payable {\r\n        totalDeposits += msg.value;\r\n        uint256 value1 = msg.value * 1 / 200;\r\n        if (!incentToCustomer.send(value1)) throw;\r\n        uint256 value2 = msg.value * 1 / 200;\r\n        if (!icoFees.send(value2)) throw;\r\n        uint256 value3 = msg.value - value1 - value2;\r\n        if (!icoClientWallet.send(value3)) throw;\r\n        Deposit(msg.sender, msg.value);\r\n    }\r\n\r\n    // Prevent accidental sending of ethers\r\n    function () {\r\n        throw;\r\n    }\r\n}","ABI":"[{\"constant\":true,\"inputs\":[{\"name\":\"\",\"type\":\"uint256\"}],\"name\":\"contracts\",\"outputs\":[{\"name\":\"\",\"type\":\"address\"}],\"payable\":false,\"type\":\"function\"},{\"constant\":false,\"inputs\":[],\"name\":\"customerDepositedEther\",\"outputs\":[],\"payable\":true,\"type\":\"function\"},{\"constant\":true,\"inputs\":[],\"name\":\"totalDeposits\",\"outputs\":[{\"name\":\"\",\"type\":\"uint256\"}],\"payable\":false,\"type\":\"function\"},{\"constant\":true,\"inputs\":[],\"name\":\"owner\",\"outputs\":[{\"name\":\"\",\"type\":\"address\"}],\"payable\":false,\"type\":\"function\"},{\"constant\":false,\"inputs\":[{\"name\":\"number\",\"type\":\"uint256\"}],\"name\":\"createNewDepositContract\",\"outputs\":[],\"payable\":false,\"type\":\"function\"},{\"constant\":false,\"inputs\":[{\"name\":\"newOwner\",\"type\":\"address\"}],\"name\":\"transferOwnership\",\"outputs\":[],\"payable\":false,\"type\":\"function\"},{\"payable\":false,\"type\":\"fallback\"},{\"anonymous\":false,\"inputs\":[{\"indexed\":true,\"name\":\"_from\",\"type\":\"address\"},{\"indexed\":false,\"name\":\"_value\",\"type\":\"uint256\"}],\"name\":\"Deposit\",\"type\":\"event\"},{\"anonymous\":false,\"inputs\":[{\"indexed\":true,\"name\":\"_from\",\"type\":\"address\"},{\"indexed\":true,\"name\":\"_to\",\"type\":\"address\"}],\"name\":\"OwnershipTransferred\",\"type\":\"event\"}]","ContractName":"ICOCustomerDeposit","CompilerVersion":"v0.4.8+commit.60cc1668","OptimizationUsed":"1","Runs":"200","ConstructorArguments":"","Library":"","LicenseType":"","SwarmSource":"bzzr://d13f7ebb5f9e2e0cacf5f4f82dcc3fa2b30553e5d91e21cf76cad5a57f674439"}
