{"SourceCode":"pragma solidity ^0.4.1;\r\n\r\ncontract EtherLovers {\r\n\r\n  event LoversAdded(string lover1, string lover2);\r\n\r\n  uint constant requiredFee = 100 finney;\r\n\r\n  address private owner;\r\n\r\n  function EtherLovers() public {\r\n    owner = msg.sender;\r\n  }\r\n\r\n  modifier isOwner() { \r\n    if (msg.sender != owner) {\r\n      throw;       \r\n    }\r\n    _;\r\n  }\r\n\r\n  function declareLove(string lover1, string lover2) public payable {\r\n    if (msg.value >= requiredFee) {\r\n      LoversAdded(lover1, lover2);\r\n    } else {\r\n      throw;\r\n    }\r\n  }\r\n\r\n  function collectFees() public isOwner() {\r\n    msg.sender.send(this.balance);\r\n  }\r\n\r\n}","ABI":"[{\"constant\":false,\"inputs\":[{\"name\":\"lover1\",\"type\":\"string\"},{\"name\":\"lover2\",\"type\":\"string\"}],\"name\":\"declareLove\",\"outputs\":[],\"payable\":true,\"type\":\"function\"},{\"constant\":false,\"inputs\":[],\"name\":\"collectFees\",\"outputs\":[],\"payable\":false,\"type\":\"function\"},{\"inputs\":[],\"type\":\"constructor\"},{\"anonymous\":false,\"inputs\":[{\"indexed\":false,\"name\":\"lover1\",\"type\":\"string\"},{\"indexed\":false,\"name\":\"lover2\",\"type\":\"string\"}],\"name\":\"LoversAdded\",\"type\":\"event\"}]","ContractName":"EtherLovers","CompilerVersion":"v0.4.1+commit.4fc6fc2c","OptimizationUsed":"0","Runs":"200","ConstructorArguments":"","Library":"","LicenseType":"","SwarmSource":""}
