{"SourceCode":"pragma solidity ^0.4.2;\r\ncontract BlockmaticsGraduationCertificate {\r\n    address public owner = msg.sender;\r\n    string certificate;\r\n    bool certIssued = false;\r\n\r\n\r\n    function publishGraduatingClass(string cert) {\r\n        if (msg.sender != owner || certIssued)\r\n            throw;\r\n        certIssued = true;\r\n        certificate = cert;\r\n    }\r\n\r\n\r\n    function showBlockmaticsCertificate() constant returns (string) {\r\n        return certificate;\r\n    }\r\n}","ABI":"[{\"constant\":true,\"inputs\":[],\"name\":\"showBlockmaticsCertificate\",\"outputs\":[{\"name\":\"\",\"type\":\"string\"}],\"payable\":false,\"type\":\"function\"},{\"constant\":true,\"inputs\":[],\"name\":\"owner\",\"outputs\":[{\"name\":\"\",\"type\":\"address\"}],\"payable\":false,\"type\":\"function\"},{\"constant\":false,\"inputs\":[{\"name\":\"cert\",\"type\":\"string\"}],\"name\":\"publishGraduatingClass\",\"outputs\":[],\"payable\":false,\"type\":\"function\"}]","ContractName":"BlockmaticsGraduationCertificate","CompilerVersion":"v0.4.2+commit.af6afb04","OptimizationUsed":"1","Runs":"200","ConstructorArguments":"","Library":"","LicenseType":"","SwarmSource":""}
