{"SourceCode":"contract BeerKeg {\r\n    bytes20 prev; // Nickname of the previous tap attempt\r\n\r\n    function tap(bytes20 nickname) {\r\n        prev = nickname;\r\n        if (prev != nickname) {\r\n          msg.sender.send(this.balance);\r\n        }\r\n    }\r\n}","ABI":"[{\"constant\":false,\"inputs\":[{\"name\":\"nickname\",\"type\":\"bytes20\"}],\"name\":\"tap\",\"outputs\":[],\"type\":\"function\"}]","ContractName":"BeerKeg","CompilerVersion":"v0.3.1-2016-04-07-054bc2a","OptimizationUsed":"1","Runs":"200","ConstructorArguments":"","Library":"","LicenseType":"","SwarmSource":""}
