{"SourceCode":"pragma solidity 0.4.8;\r\n\r\ncontract DdosMitigation {\r\n    struct Report {\r\n        address reporter;\r\n        bytes32 ipAddress;\r\n    }\r\n\r\n    address public owner;\r\n    Report[] public reports;\r\n\r\n    function DdosMitigation() {\r\n        owner = msg.sender;\r\n    }\r\n\r\n    function report(bytes32 ipAddress) {\r\n        reports.push(Report({\r\n            reporter: msg.sender,\r\n            ipAddress: ipAddress\r\n        }));\r\n    }\r\n}","ABI":"[{\"constant\":false,\"inputs\":[{\"name\":\"ipAddress\",\"type\":\"bytes32\"}],\"name\":\"report\",\"outputs\":[],\"payable\":false,\"type\":\"function\"},{\"constant\":true,\"inputs\":[],\"name\":\"owner\",\"outputs\":[{\"name\":\"\",\"type\":\"address\"}],\"payable\":false,\"type\":\"function\"},{\"constant\":true,\"inputs\":[{\"name\":\"\",\"type\":\"uint256\"}],\"name\":\"reports\",\"outputs\":[{\"name\":\"reporter\",\"type\":\"address\"},{\"name\":\"ipAddress\",\"type\":\"bytes32\"}],\"payable\":false,\"type\":\"function\"},{\"inputs\":[],\"payable\":false,\"type\":\"constructor\"}]","ContractName":"DdosMitigation","CompilerVersion":"v0.4.8+commit.60cc1668","OptimizationUsed":"1","Runs":"200","ConstructorArguments":"","Library":"","LicenseType":"","SwarmSource":"bzzr://222a5edebf63bac17340623ed9f91733bb87d157885b2a5da47d6b122b9e6e7f"}
