{"SourceCode":"contract mortal {\r\n    /* Define variable owner of the type address*/\r\n    address owner;\r\n\r\n    /* this function is executed at initialization and sets the owner of the contract */\r\n    function mortal() { owner = msg.sender; }\r\n\r\n    /* Function to recover the funds on the contract */\r\n    function kill() { if (msg.sender == owner) suicide(owner); }\r\n}\r\n\r\ncontract store is mortal {\r\n\r\n    uint16 public contentCount = 0;\r\n    \r\n    event content(string datainfo); \r\n    \r\n    function store() public {\r\n    }\r\n\r\n    function add(string datainfo) {\r\n        contentCount++;\r\n        content(datainfo);\r\n    }\r\n}","ABI":"[{\"constant\":false,\"inputs\":[],\"name\":\"kill\",\"outputs\":[],\"type\":\"function\"},{\"constant\":false,\"inputs\":[{\"name\":\"datainfo\",\"type\":\"string\"}],\"name\":\"add\",\"outputs\":[],\"type\":\"function\"},{\"constant\":true,\"inputs\":[],\"name\":\"contentCount\",\"outputs\":[{\"name\":\"\",\"type\":\"uint16\"}],\"type\":\"function\"},{\"inputs\":[],\"type\":\"constructor\"},{\"anonymous\":false,\"inputs\":[{\"indexed\":false,\"name\":\"datainfo\",\"type\":\"string\"}],\"name\":\"content\",\"type\":\"event\"}]","ContractName":"store","CompilerVersion":"v0.3.2-2016-05-03-aa4dcbb","OptimizationUsed":"0","Runs":"200","ConstructorArguments":"","Library":"","LicenseType":"","SwarmSource":""}
