{"SourceCode":"contract Escrow {\r\n    address buyer;\r\n    address seller;\r\n    address arbitrator;\r\n\r\n    function Escrow() payable {\r\n       seller = 0x5ed8cee6b63b1c6afce3ad7c92f4fd7e1b8fad9f;\r\n       buyer = msg.sender;\r\n       arbitrator = 0xabad6ec946eff02b22e4050b3209da87380b3cbd;\r\n    }\r\n    \r\n    function finalize() {\r\n        if (msg.sender == buyer || msg.sender == arbitrator)\r\n            seller.send(this.balance);\r\n    }\r\n    \r\n    function refund() {\r\n        if (msg.sender == seller || msg.sender == arbitrator)\r\n            buyer.send(this.balance);\r\n    }\r\n}","ABI":"[{\"constant\":false,\"inputs\":[],\"name\":\"finalize\",\"outputs\":[],\"payable\":false,\"type\":\"function\"},{\"constant\":false,\"inputs\":[],\"name\":\"refund\",\"outputs\":[],\"payable\":false,\"type\":\"function\"},{\"inputs\":[],\"payable\":true,\"type\":\"constructor\"}]","ContractName":"Escrow","CompilerVersion":"v0.4.9+commit.364da425","OptimizationUsed":"0","Runs":"200","ConstructorArguments":"","Library":"","LicenseType":"","SwarmSource":"bzzr://776ed3deb0e6e6386b7f758999ac7a1b6859a819c8164bb7ddfb6080509ec919"}
