{"SourceCode":"contract Escrow {\r\n    \r\n    address seller;\r\n    address buyer;\r\n    address arbiter;\r\n    \r\n    function Escrow() {\r\n        buyer = msg.sender;\r\n        seller = 0x1db3439a222c519ab44bb1144fc28167b4fa6ee6;\r\n        arbiter = 0xd8da6bf26964af9d7eed9e03e53415d37aa96045;\r\n    }\r\n    \r\n    function finalize() {\r\n        if (msg.sender != buyer && msg.sender != arbiter) throw;\r\n        seller.send(this.balance);\r\n    }\r\n    \r\n    function refund() {\r\n        if (msg.sender != seller && msg.sender != arbiter) throw;\r\n        buyer.send(this.balance);        \r\n    }\r\n}","ABI":"[{\"constant\":false,\"inputs\":[],\"name\":\"finalize\",\"outputs\":[],\"type\":\"function\"},{\"constant\":false,\"inputs\":[],\"name\":\"refund\",\"outputs\":[],\"type\":\"function\"},{\"inputs\":[],\"type\":\"constructor\"}]","ContractName":"Escrow","CompilerVersion":"v0.3.6-2016-08-27-91d4fa4","OptimizationUsed":"0","Runs":"200","ConstructorArguments":"","Library":"","LicenseType":"","SwarmSource":""}
