{"SourceCode":"//! E-mail verification contract\r\n//! By Gav Wood, 2016.\r\n\r\npragma solidity ^0.4.0;\r\n\r\ncontract Owned {\r\n\tmodifier only_owner { if (msg.sender != owner) return; _; }\r\n\r\n\tevent NewOwner(address indexed old, address indexed current);\r\n\r\n\tfunction setOwner(address _new) only_owner { NewOwner(owner, _new); owner = _new; }\r\n\r\n\taddress public owner = msg.sender;\r\n}\r\n\r\ncontract Certifier {\r\n\tevent Confirmed(address indexed who);\r\n\tevent Revoked(address indexed who);\r\n\tfunction certified(address _who) constant returns (bool);\r\n\tfunction get(address _who, string _field) constant returns (bytes32) {}\r\n\tfunction getAddress(address _who, string _field) constant returns (address) {}\r\n\tfunction getUint(address _who, string _field) constant returns (uint) {}\r\n}\r\n\r\ncontract ProofOfEmail is Owned, Certifier {\r\n\tmodifier when_fee_paid { if (msg.value < fee) return; _; }\r\n\r\n\tevent Requested(address indexed who, bytes32 indexed emailHash);\r\n\tevent Puzzled(address indexed who, bytes32 indexed emailHash, bytes32 puzzle);\r\n\r\n\tfunction request(bytes32 _emailHash) payable when_fee_paid {\r\n\t\tRequested(msg.sender, _emailHash);\r\n\t}\r\n\r\n\tfunction puzzle(address _who, bytes32 _puzzle, bytes32 _emailHash) only_owner {\r\n\t\tpuzzles[_puzzle] = _emailHash;\r\n\t\tPuzzled(_who, _emailHash, _puzzle);\r\n\t}\r\n\r\n\tfunction confirm(bytes32 _code) returns (bool) {\r\n\t\tvar emailHash = puzzles[sha3(_code)];\r\n\t\tif (emailHash == 0)\r\n\t\t\treturn;\r\n\t\tdelete puzzles[sha3(_code)];\r\n\t\tif (reverse[emailHash] != 0)\r\n\t\t\treturn;\r\n\t\tentries[msg.sender] = emailHash;\r\n\t\treverse[emailHash] = msg.sender;\r\n\t\tConfirmed(msg.sender);\r\n\t\treturn true;\r\n\t}\r\n\r\n\tfunction setFee(uint _new) only_owner {\r\n\t\tfee = _new;\r\n\t}\r\n\r\n\tfunction drain() only_owner {\r\n\t\tif (!msg.sender.send(this.balance))\r\n\t\t\tthrow;\r\n\t}\r\n\r\n\tfunction certified(address _who) constant returns (bool) {\r\n\t\treturn entries[_who] != 0;\r\n\t}\r\n\r\n\tfunction get(address _who, string _field) constant returns (bytes32) {\r\n\t\tentries[_who];\r\n\t}\r\n\r\n\tmapping (address => bytes32) entries;\r\n\tmapping (bytes32 => address) public reverse;\r\n\tmapping (bytes32 => bytes32) puzzles;\r\n\r\n\tuint public fee = 0 finney;\r\n}","ABI":"[{\"constant\":false,\"inputs\":[{\"name\":\"_new\",\"type\":\"address\"}],\"name\":\"setOwner\",\"outputs\":[],\"payable\":false,\"type\":\"function\"},{\"constant\":true,\"inputs\":[{\"name\":\"\",\"type\":\"bytes32\"}],\"name\":\"reverse\",\"outputs\":[{\"name\":\"\",\"type\":\"address\"}],\"payable\":false,\"type\":\"function\"},{\"constant\":false,\"inputs\":[{\"name\":\"_who\",\"type\":\"address\"},{\"name\":\"_puzzle\",\"type\":\"bytes32\"},{\"name\":\"_emailHash\",\"type\":\"bytes32\"}],\"name\":\"puzzle\",\"outputs\":[],\"payable\":false,\"type\":\"function\"},{\"constant\":true,\"inputs\":[{\"name\":\"_who\",\"type\":\"address\"},{\"name\":\"_field\",\"type\":\"string\"}],\"name\":\"getAddress\",\"outputs\":[{\"name\":\"\",\"type\":\"address\"}],\"payable\":false,\"type\":\"function\"},{\"constant\":false,\"inputs\":[{\"name\":\"_emailHash\",\"type\":\"bytes32\"}],\"name\":\"request\",\"outputs\":[],\"payable\":true,\"type\":\"function\"},{\"constant\":false,\"inputs\":[{\"name\":\"_new\",\"type\":\"uint256\"}],\"name\":\"setFee\",\"outputs\":[],\"payable\":false,\"type\":\"function\"},{\"constant\":false,\"inputs\":[{\"name\":\"_code\",\"type\":\"bytes32\"}],\"name\":\"confirm\",\"outputs\":[{\"name\":\"\",\"type\":\"bool\"}],\"payable\":false,\"type\":\"function\"},{\"constant\":true,\"inputs\":[],\"name\":\"owner\",\"outputs\":[{\"name\":\"\",\"type\":\"address\"}],\"payable\":false,\"type\":\"function\"},{\"constant\":false,\"inputs\":[],\"name\":\"drain\",\"outputs\":[],\"payable\":false,\"type\":\"function\"},{\"constant\":true,\"inputs\":[{\"name\":\"_who\",\"type\":\"address\"},{\"name\":\"_field\",\"type\":\"string\"}],\"name\":\"getUint\",\"outputs\":[{\"name\":\"\",\"type\":\"uint256\"}],\"payable\":false,\"type\":\"function\"},{\"constant\":true,\"inputs\":[{\"name\":\"_who\",\"type\":\"address\"}],\"name\":\"certified\",\"outputs\":[{\"name\":\"\",\"type\":\"bool\"}],\"payable\":false,\"type\":\"function\"},{\"constant\":true,\"inputs\":[],\"name\":\"fee\",\"outputs\":[{\"name\":\"\",\"type\":\"uint256\"}],\"payable\":false,\"type\":\"function\"},{\"constant\":true,\"inputs\":[{\"name\":\"_who\",\"type\":\"address\"},{\"name\":\"_field\",\"type\":\"string\"}],\"name\":\"get\",\"outputs\":[{\"name\":\"\",\"type\":\"bytes32\"}],\"payable\":false,\"type\":\"function\"},{\"anonymous\":false,\"inputs\":[{\"indexed\":true,\"name\":\"who\",\"type\":\"address\"},{\"indexed\":true,\"name\":\"emailHash\",\"type\":\"bytes32\"}],\"name\":\"Requested\",\"type\":\"event\"},{\"anonymous\":false,\"inputs\":[{\"indexed\":true,\"name\":\"who\",\"type\":\"address\"},{\"indexed\":true,\"name\":\"emailHash\",\"type\":\"bytes32\"},{\"indexed\":false,\"name\":\"puzzle\",\"type\":\"bytes32\"}],\"name\":\"Puzzled\",\"type\":\"event\"},{\"anonymous\":false,\"inputs\":[{\"indexed\":true,\"name\":\"who\",\"type\":\"address\"}],\"name\":\"Confirmed\",\"type\":\"event\"},{\"anonymous\":false,\"inputs\":[{\"indexed\":true,\"name\":\"who\",\"type\":\"address\"}],\"name\":\"Revoked\",\"type\":\"event\"},{\"anonymous\":false,\"inputs\":[{\"indexed\":true,\"name\":\"old\",\"type\":\"address\"},{\"indexed\":true,\"name\":\"current\",\"type\":\"address\"}],\"name\":\"NewOwner\",\"type\":\"event\"}]","ContractName":"ProofOfEmail","CompilerVersion":"v0.4.8+commit.60cc1668","OptimizationUsed":"1","Runs":"200","ConstructorArguments":"","Library":"","LicenseType":"","SwarmSource":"bzzr://ce78dc629099873e94d6439d2c41a0f4899c0758018c2cf1beee10bef96e7eed"}
