{"SourceCode":"contract CafeMakerT3 {\r\n\r\n\t//CafeMaker Counters..\r\n\tuint public payed;\r\n\tuint public delivered;\r\n\r\n\tuint public PricePerCafe = 50000000000000000; //0.05 eth\r\n\taddress public Owner = msg.sender;\r\n\r\n//\tfunction CafeMaker(){\r\n//\t\tPricePerCafe = 50000000000000000;\r\n//\t\tOwner = msg.sender; //\"0x43e7948F4A71da12f6b79a82bf1C478E9eDB062a\";\r\n//\t}\r\n\r\n\tfunction GetFreeCnt() returns (uint cnt) {\r\n\t\treturn payed - delivered;\r\n\t}\r\n\r\n\tfunction CafeDelivered(){\r\n\t\tdelivered += 1;\r\n\t}\r\n\r\n\r\n\tfunction CollectMoney(uint amount){\r\n       if (!Owner.send(amount))\r\n            throw;\r\n\t\t\r\n\t}\r\n\r\n\r\n\t//ProcessIncomingPayment\r\n    function () {\r\n\r\n\t\tuint addedcafe = msg.value / PricePerCafe;\r\n\t\tpayed += addedcafe;\r\n\r\n    }\r\n}","ABI":"[{\"constant\":true,\"inputs\":[],\"name\":\"payed\",\"outputs\":[{\"name\":\"\",\"type\":\"uint256\"}],\"type\":\"function\"},{\"constant\":true,\"inputs\":[],\"name\":\"PricePerCafe\",\"outputs\":[{\"name\":\"\",\"type\":\"uint256\"}],\"type\":\"function\"},{\"constant\":false,\"inputs\":[],\"name\":\"CafeDelivered\",\"outputs\":[],\"type\":\"function\"},{\"constant\":true,\"inputs\":[],\"name\":\"Owner\",\"outputs\":[{\"name\":\"\",\"type\":\"address\"}],\"type\":\"function\"},{\"constant\":true,\"inputs\":[],\"name\":\"delivered\",\"outputs\":[{\"name\":\"\",\"type\":\"uint256\"}],\"type\":\"function\"},{\"constant\":false,\"inputs\":[],\"name\":\"GetFreeCnt\",\"outputs\":[{\"name\":\"cnt\",\"type\":\"uint256\"}],\"type\":\"function\"},{\"constant\":false,\"inputs\":[{\"name\":\"amount\",\"type\":\"uint256\"}],\"name\":\"CollectMoney\",\"outputs\":[],\"type\":\"function\"}]","ContractName":"CafeMakerT3","CompilerVersion":"v0.3.1-2016-03-31-c492d9b","OptimizationUsed":"1","Runs":"200","ConstructorArguments":"","Library":"","LicenseType":"","SwarmSource":""}
