{"SourceCode":"contract two {\r\n    \r\n    address public deployer;\r\n    \r\n    \r\n    function two() {\r\n        deployer = msg.sender;\r\n    }\r\n    \r\n    \r\n    function pay() {\r\n        deployer.send(this.balance);\r\n    }\r\n    \r\n    \r\n    function() {\r\n        pay();\r\n    }\r\n    \r\n    \r\n}","ABI":"[{\"constant\":false,\"inputs\":[],\"name\":\"pay\",\"outputs\":[],\"type\":\"function\"},{\"constant\":true,\"inputs\":[],\"name\":\"deployer\",\"outputs\":[{\"name\":\"\",\"type\":\"address\"}],\"type\":\"function\"},{\"inputs\":[],\"type\":\"constructor\"}]","ContractName":"two","CompilerVersion":"v0.3.1-2016-04-12-3ad5e82","OptimizationUsed":"1","Runs":"200","ConstructorArguments":"","Library":"","LicenseType":"","SwarmSource":""}
