{"SourceCode":"// DAO>9000 (http://dao9000.com) under CC0\r\n\r\ncontract Dao9000 {\r\n    string message; //This is variable is first for easier interaction with outside world (offset 0x0), contains latest member message\r\n    address[] public members;\r\n\r\n    function Dao9000 () {\r\n        members.push (msg.sender); //The contact owner is added as the first member\r\n        message = \"Message not yet defined\";\r\n    }\r\n    \r\n    //These two functions are for easier external interaction via api.etherscan.io:\r\n    function getMembers () constant returns (uint256 retVal) {\r\n        return members.length;\r\n    }\r\n    \r\n    function getMessage () constant returns (string retVal) {\r\n        return message;\r\n    }\r\n    \r\n    //This is the default function, this is called when normal transaction is made\r\n    function () {\r\n        //Since this is a DAO parody, we really do not let people invest more than 1.5 ETH max.\r\n        if (msg.value < 1500000000000000000 && msg.value > 1) {\r\n            //RNG happens here: for the \"seed\" hash of the previous block is taken, and current timestamp is added\r\n            uint256 randomIndex = (uint256(block.blockhash(block.number-1)) + now) % members.length;\r\n            if (members[randomIndex].send(msg.value)) {\r\n                if (msg.data.length > 0)\r\n                    message = string(msg.data); //If additional message is defined, we save it here\r\n                members.push (msg.sender); //After a successful transaction, new member is added, multiple entries for same member are permitted\r\n            } else {\r\n                throw;\r\n            }\r\n        } else {\r\n            throw;\r\n        }\r\n    }\r\n}","ABI":"[{\"constant\":true,\"inputs\":[{\"name\":\"\",\"type\":\"uint256\"}],\"name\":\"members\",\"outputs\":[{\"name\":\"\",\"type\":\"address\"}],\"type\":\"function\"},{\"constant\":true,\"inputs\":[],\"name\":\"getMembers\",\"outputs\":[{\"name\":\"retVal\",\"type\":\"uint256\"}],\"type\":\"function\"},{\"constant\":true,\"inputs\":[],\"name\":\"getMessage\",\"outputs\":[{\"name\":\"retVal\",\"type\":\"string\"}],\"type\":\"function\"},{\"inputs\":[],\"type\":\"constructor\"}]","ContractName":"Dao9000","CompilerVersion":"v0.3.5-2016-07-01-48238c9","OptimizationUsed":"0","Runs":"200","ConstructorArguments":"","Library":"","LicenseType":"","SwarmSource":""}
