{"SourceCode":"pragma solidity ^0.4.6;\r\n//\r\n// Social Experiment - Finished (or is it... ;)\r\n//\r\n// This contract returns ether (plus bonus) to the \"participant\" who had contributed 100 ether to \"my evil plan\"\r\n//\r\n// Status FreeEtherADay:  SUCCESS\r\n// Status HelpMeSave: FAILURE\r\n// Status Free_Ether_A_Day_Funds_Return: TBD......\r\n//\r\n// But is this the end... we'll see. ;)\r\n//\r\n// Watch out for my blog report, will post link via PM to ppl involved\r\n// and here https://www.reddit.com/r/ethtrader/comments/5foa5p/daily_discussion_30nov2016/dalsir4/\r\n// And thanks to everyone who participated. Special mention goes out to /u/WhySoS3rious \r\n// and to 0xb7b8f253f9Df281EFE9E34F07F598f9817D6eb83\r\n//\r\n// Questions: drether00@gmail.com\r\n//\r\n\r\ncontract Free_Ether_A_Day_Funds_Return {\r\n   address owner;\r\n   address poorguy = 0xb7b8f253f9Df281EFE9E34F07F598f9817D6eb83;\r\n   \r\n   function Free_Ether_A_Day_Funds_Return() {\r\n        owner = msg.sender;\r\n   }\r\n  \r\n  // send 100 ether, I'll send back 210 ether ;)\r\n  // thats an additional 10 on top of your 100 for the inconvenience.\r\n  //   truuuuuuuust me....... no bugs this time ;---)\r\n  \r\n   function return_funds() payable {\r\n\r\n       if (msg.sender != poorguy) throw;\r\n       \r\n       if (msg.value == 100 ether){\r\n             bool success = poorguy.send(210 ether);\r\n             if (!success) throw;\r\n       }\r\n       else throw;\r\n   }\r\n   \r\n   function() payable {}\r\n   \r\n   function kill(){\r\n       if (msg.sender == owner)\r\n           selfdestruct(owner);\r\n   }\r\n}","ABI":"[{\"constant\":false,\"inputs\":[],\"name\":\"kill\",\"outputs\":[],\"payable\":false,\"type\":\"function\"},{\"constant\":false,\"inputs\":[],\"name\":\"return_funds\",\"outputs\":[],\"payable\":true,\"type\":\"function\"},{\"inputs\":[],\"payable\":false,\"type\":\"constructor\"},{\"payable\":true,\"type\":\"fallback\"}]","ContractName":"Free_Ether_A_Day_Funds_Return","CompilerVersion":"v0.4.6+commit.2dabbdf0","OptimizationUsed":"0","Runs":"200","ConstructorArguments":"","Library":"","LicenseType":"","SwarmSource":""}
