{"SourceCode":"pragma solidity ^0.4.8;\r\n\r\ncontract Sylence {\r\n\r\n  struct User {\r\n    uint256 pubKeysCount;\r\n    mapping(uint256 => string) pubKeys;\r\n  }\r\n  mapping(string => User) users;\r\n\r\n  address owner;\r\n  function Sylence() { owner = msg.sender; }\r\n\r\n  function getPubKeyByHash(string phoneHash) constant returns (string pubKey) {\r\n    User u = users[phoneHash];\r\n    pubKey = u.pubKeys[u.pubKeysCount];\r\n  }\r\n\r\n  function registerNewPubKeyForHash(string phoneHash, string pubKey) {\r\n    if(msg.sender != owner) { throw; }\r\n    users[phoneHash].pubKeys[++users[phoneHash].pubKeysCount] = pubKey;\r\n  }\r\n\r\n}","ABI":"[{\"constant\":false,\"inputs\":[{\"name\":\"phoneHash\",\"type\":\"string\"},{\"name\":\"pubKey\",\"type\":\"string\"}],\"name\":\"registerNewPubKeyForHash\",\"outputs\":[],\"payable\":false,\"type\":\"function\"},{\"constant\":true,\"inputs\":[{\"name\":\"phoneHash\",\"type\":\"string\"}],\"name\":\"getPubKeyByHash\",\"outputs\":[{\"name\":\"pubKey\",\"type\":\"string\"}],\"payable\":false,\"type\":\"function\"},{\"inputs\":[],\"payable\":false,\"type\":\"constructor\"}]","ContractName":"Sylence","CompilerVersion":"v0.4.9+commit.364da425","OptimizationUsed":"1","Runs":"200","ConstructorArguments":"","Library":"","LicenseType":"","SwarmSource":"bzzr://921128da02052f4f0f21ca7088bc9169f3447ccef4dc155e30a9f587fd8ec419"}
