{"SourceCode":"contract ValidetherOracle {\r\n\r\n  //  Name of the institution to Ethereum address of the institution\r\n  mapping (string => address) nameToAddress;\r\n    //  Ethereum address of the institution to Name of the institution\r\n  mapping (address => string) addressToName;\r\n\r\n  address admin;\r\n\r\n  modifier onlyAdmin {\r\n     if (msg.sender != admin) throw;\r\n     _\r\n  }\r\n\r\n  /*\r\n    Constructor Function\r\n  */\r\n  function ValidetherOracle() {\r\n    admin = msg.sender;\r\n  }\r\n\r\n  /*\r\n    Function which adds an institution\r\n    */\r\n  function addInstitution(address institutionAddress, string institutionName) onlyAdmin {\r\n    nameToAddress[institutionName] = institutionAddress;\r\n    addressToName[institutionAddress] = institutionName;\r\n  }\r\n\r\n  /*\r\n    Function which validates an institution address and returns its name\r\n    @param institutionAddress Ethereum Address of the institution\r\n    @return \"\" if the address is not valid and the institution name if the address is valid.\r\n    */\r\n  function getInstitutionByAddress(address institutionAddress) constant returns(string) {\r\n    return addressToName[institutionAddress];\r\n  }\r\n\r\n  /*\r\n    Function which validates an institution name and returns its address\r\n    @param institutionName Name of the institution\r\n    @return 0x0000000000000000000000000000000000000000 if the name is not valid and the institution Ethereum Address if the name is valid.\r\n  */\r\n  function getInstitutionByName(string institutionName) constant returns(address) {\r\n    return nameToAddress[institutionName];\r\n  }\r\n\r\n  /*\r\n    Function which changes the admin address of the contract\r\n    @param newAdmin Ethereum address of the new admin\r\n  */\r\n  function setNewAdmin(address newAdmin) onlyAdmin {\r\n    admin = newAdmin;\r\n  }\r\n\r\n}","ABI":"[{\"constant\":false,\"inputs\":[{\"name\":\"institutionAddress\",\"type\":\"address\"},{\"name\":\"institutionName\",\"type\":\"string\"}],\"name\":\"addInstitution\",\"outputs\":[],\"type\":\"function\"},{\"constant\":true,\"inputs\":[{\"name\":\"institutionAddress\",\"type\":\"address\"}],\"name\":\"getInstitutionByAddress\",\"outputs\":[{\"name\":\"\",\"type\":\"string\"}],\"type\":\"function\"},{\"constant\":true,\"inputs\":[{\"name\":\"institutionName\",\"type\":\"string\"}],\"name\":\"getInstitutionByName\",\"outputs\":[{\"name\":\"\",\"type\":\"address\"}],\"type\":\"function\"},{\"constant\":false,\"inputs\":[{\"name\":\"newAdmin\",\"type\":\"address\"}],\"name\":\"setNewAdmin\",\"outputs\":[],\"type\":\"function\"},{\"inputs\":[],\"type\":\"constructor\"}]","ContractName":"ValidetherOracle","CompilerVersion":"v0.3.5-2016-07-21-6610add","OptimizationUsed":"1","Runs":"200","ConstructorArguments":"","Library":"","LicenseType":"","SwarmSource":""}
