{"SourceCode":"pragma solidity ^0.4.8;\r\ncontract Soarcoin {\r\n\r\n    mapping (address => uint256) balances;               // each address in this contract may have tokens. \r\n    address internal owner = 0x4Bce8E9850254A86a1988E2dA79e41Bc6793640d;                // the owner is the creator of the smart contract\r\n    string public name = \"Soarcoin\";                     // name of this contract and investment fund\r\n    string public symbol = \"SOAR\";                       // token symbol\r\n    uint8 public decimals = 6;                           // decimals (for humans)\r\n    uint256 public totalSupply = 5000000000000000;  \r\n           \r\n    modifier onlyOwner()\r\n    {\r\n        if (msg.sender != owner) throw;\r\n        _;\r\n    }\r\n\r\n    function Soarcoin() { balances[owner] = totalSupply; }    \r\n\r\n    // This generates a public event on the blockchain that will notify clients\r\n    event Transfer(address indexed from, address indexed to, uint256 value);\r\n\r\n    // query balance\r\n    function balanceOf(address _owner) constant returns (uint256 balance)\r\n    {\r\n        return balances[_owner];\r\n    }\r\n\r\n    // transfer tokens from one address to another\r\n    function transfer(address _to, uint256 _value) returns (bool success)\r\n    {\r\n        if(_value <= 0) throw;                                      // Check send token value > 0;\r\n        if (balances[msg.sender] < _value) throw;                   // Check if the sender has enough\r\n        if (balances[_to] + _value < balances[_to]) throw;          // Check for overflows                          \r\n        balances[msg.sender] -= _value;                             // Subtract from the sender\r\n        balances[_to] += _value;                                    // Add the same to the recipient, if it's the contact itself then it signals a sell order of those tokens                       \r\n        Transfer(msg.sender, _to, _value);                          // Notify anyone listening that this transfer took place\r\n        return true;      \r\n    }\r\n\r\n    function mint(address _to, uint256 _value) onlyOwner\r\n    {\r\n        if(_value <= 0) throw;\r\n    \tbalances[_to] += _value;\r\n    \ttotalSupply += _value;\r\n    }\r\n}\r\n\r\n/**\r\n * ERC 20 token\r\n *\r\n * https://github.com/ethereum/EIPs/issues/20\r\n */\r\ncontract Token is Soarcoin {\r\n\r\n    /// @return total amount of tokens\r\n    \r\n\r\n    /// @param _owner The address from which the balance will be retrieved\r\n    /// @return The balance\r\n    function balanceOf(address _owner) constant returns (uint256 balance) {}\r\n\r\n    /// @notice send `_value` token to `_to` from `msg.sender`\r\n    /// @param _to The address of the recipient\r\n    /// @param _value The amount of token to be transferred\r\n    /// @return Whether the transfer was successful or not\r\n    function transfer(address _to, uint256 _value) returns (bool success) {}\r\n\r\n    /// @notice send `_value` token to `_to` from `_from` on the condition it is approved by `_from`\r\n    /// @param _from The address of the sender\r\n    /// @param _to The address of the recipient\r\n    /// @param _value The amount of token to be transferred\r\n    /// @return Whether the transfer was successful or not\r\n    function transferFrom(address _from, address _to, uint256 _value) returns (bool success) {}\r\n\r\n    /// @notice `msg.sender` approves `_addr` to spend `_value` tokens\r\n    /// @param _spender The address of the account able to transfer the tokens\r\n    /// @param _value The amount of wei to be approved for transfer\r\n    /// @return Whether the approval was successful or not\r\n    function approve(address _spender, uint256 _value) returns (bool success) {}\r\n\r\n    /// @param _owner The address of the account owning tokens\r\n    /// @param _spender The address of the account able to transfer the tokens\r\n    /// @return Amount of remaining tokens allowed to spent\r\n    function allowance(address _owner, address _spender) constant returns (uint256 remaining) {}\r\n\r\n    \r\n    event Approval(address indexed _owner, address indexed _spender, uint256 _value);\r\n\r\n}\r\n\r\n/**\r\n * ERC 20 token\r\n *\r\n * https://github.com/ethereum/EIPs/issues/20\r\n */","ABI":"[{\"constant\":true,\"inputs\":[],\"name\":\"name\",\"outputs\":[{\"name\":\"\",\"type\":\"string\"}],\"payable\":false,\"type\":\"function\"},{\"constant\":true,\"inputs\":[],\"name\":\"totalSupply\",\"outputs\":[{\"name\":\"\",\"type\":\"uint256\"}],\"payable\":false,\"type\":\"function\"},{\"constant\":true,\"inputs\":[],\"name\":\"decimals\",\"outputs\":[{\"name\":\"\",\"type\":\"uint8\"}],\"payable\":false,\"type\":\"function\"},{\"constant\":false,\"inputs\":[{\"name\":\"_to\",\"type\":\"address\"},{\"name\":\"_value\",\"type\":\"uint256\"}],\"name\":\"mint\",\"outputs\":[],\"payable\":false,\"type\":\"function\"},{\"constant\":true,\"inputs\":[{\"name\":\"_owner\",\"type\":\"address\"}],\"name\":\"balanceOf\",\"outputs\":[{\"name\":\"balance\",\"type\":\"uint256\"}],\"payable\":false,\"type\":\"function\"},{\"constant\":true,\"inputs\":[],\"name\":\"symbol\",\"outputs\":[{\"name\":\"\",\"type\":\"string\"}],\"payable\":false,\"type\":\"function\"},{\"constant\":false,\"inputs\":[{\"name\":\"_to\",\"type\":\"address\"},{\"name\":\"_value\",\"type\":\"uint256\"}],\"name\":\"transfer\",\"outputs\":[{\"name\":\"success\",\"type\":\"bool\"}],\"payable\":false,\"type\":\"function\"},{\"inputs\":[],\"payable\":false,\"type\":\"constructor\"},{\"anonymous\":false,\"inputs\":[{\"indexed\":true,\"name\":\"from\",\"type\":\"address\"},{\"indexed\":true,\"name\":\"to\",\"type\":\"address\"},{\"indexed\":false,\"name\":\"value\",\"type\":\"uint256\"}],\"name\":\"Transfer\",\"type\":\"event\"}]","ContractName":"Soarcoin","CompilerVersion":"v0.4.8+commit.60cc1668","OptimizationUsed":"0","Runs":"200","ConstructorArguments":"","Library":"","LicenseType":"","SwarmSource":"bzzr://210855dee104fba016e253a890c9ffd0288a9619becc2a9356019948ee79716c"}
