{"SourceCode":"contract A {\r\n\r\n  uint b = msg.value;\r\n\r\n  struct B {\r\n    address c;\r\n    uint yield;\r\n  }\r\n\r\n  B[] public p;\r\n  uint public i = 0;\r\n\r\n  function A() {\r\n  }\r\n\r\n  function() {\r\n    if ((b < 1 ether) || (b > 10 ether)) {\r\n      throw;\r\n    }\r\n\r\n    uint u = p.length;\r\n    p.length += 1;\r\n    p[u].c = msg.sender;\r\n    p[u].yield = (b * 110) / 100;\r\n\r\n    while (p[i].yield < this.balance) {\r\n      p[i].c.send(p[i].yield);\r\n      i += 1;\r\n    }\r\n  }\r\n}","ABI":"[{\"constant\":true,\"inputs\":[{\"name\":\"\",\"type\":\"uint256\"}],\"name\":\"p\",\"outputs\":[{\"name\":\"c\",\"type\":\"address\"},{\"name\":\"yield\",\"type\":\"uint256\"}],\"type\":\"function\"},{\"constant\":true,\"inputs\":[],\"name\":\"i\",\"outputs\":[{\"name\":\"\",\"type\":\"uint256\"}],\"type\":\"function\"},{\"inputs\":[],\"type\":\"constructor\"}]","ContractName":"A","CompilerVersion":"v0.3.0-2016-03-30-c2cf806","OptimizationUsed":"1","Runs":"200","ConstructorArguments":"","Library":"","LicenseType":"","SwarmSource":""}
