{"SourceCode":"contract MPO { \r\n\tuint256 public reading;\r\n\tuint256 public time;\r\n\taddress public operator; \r\n\tuint256 shift;\r\n\tstring public name =\"MP\";\r\n\tstring public symbol =\"Wh\";\r\n\tevent Transfer(address indexed from, address indexed to, uint256 value);\r\n\tmapping (address => uint256) public balanceOf;\r\n\taddress[] public listeners;\r\n\t\r\n\tfunction MPO() {\r\n\t\toperator=msg.sender;\r\n\t\tshift=0;\r\n\t}\r\n\t\r\n\tfunction updateReading(uint256 last_reading,uint256 timeofreading) {\t\t\r\n\t\tif(msg.sender!=operator) throw;\r\n\t\tif((timeofreading<time)||(reading>last_reading)) throw;\t\r\n\t\tvar oldreading=last_reading;\r\n\t\treading=last_reading-shift;\r\n\t\ttime=timeofreading;\t\r\n\t\tbalanceOf[this]=last_reading;\r\n\t\tfor(var i=0;i<listeners.length;i++) {\r\n\t\t\tbalanceOf[listeners[i]]=last_reading;\r\n\t\t\tTransfer(msg.sender,listeners[i],last_reading-oldreading);\r\n\t\t}\r\n\t}\r\n\t\r\n\tfunction reqisterListening(address a) {\r\n\t\tlisteners.push(a);\r\n\t\tbalanceOf[a]=reading;\r\n\t\tTransfer(msg.sender,a,reading);\r\n\t}\r\n\tfunction transferOwnership(address to) {\r\n\t\tif(msg.sender!=operator) throw;\r\n\t\toperator=to;\r\n\t}\r\n\tfunction transfer(address _to, uint256 _value) {\r\n\t\t/* Function stub required to see tokens in wallet */\t\t\r\n        Transfer(msg.sender, _to, _value);                   // Notify anyone listening that this transfer took place\r\n    }\r\n\tfunction assetMoveInformation(address newmpo,address gridMemberToInform) {\r\n\t\tif(msg.sender!=operator) throw;\r\n\t\t/*var gm=GridMember(gridMemberToInform);\r\n\t\tgm.switchMPO(this,newmpo);\r\n\t\t*/\r\n\t}\r\n\t\r\n}\r\ncontract MPOListener {\r\n\tMPO public mp;\r\n\t\r\n\tfunction switchMPO(address from, address to) {\r\n\t\tif(msg.sender!=mp.operator()) throw;\r\n\t\tif(mp==from) {\r\n\t\t\tmp=MPO(to);\t\t\t\r\n\t\t}\r\n\t}\r\n}","ABI":"[{\"constant\":true,\"inputs\":[],\"name\":\"name\",\"outputs\":[{\"name\":\"\",\"type\":\"string\"}],\"type\":\"function\"},{\"constant\":true,\"inputs\":[],\"name\":\"time\",\"outputs\":[{\"name\":\"\",\"type\":\"uint256\"}],\"type\":\"function\"},{\"constant\":false,\"inputs\":[{\"name\":\"last_reading\",\"type\":\"uint256\"},{\"name\":\"timeofreading\",\"type\":\"uint256\"}],\"name\":\"updateReading\",\"outputs\":[],\"type\":\"function\"},{\"constant\":true,\"inputs\":[],\"name\":\"operator\",\"outputs\":[{\"name\":\"\",\"type\":\"address\"}],\"type\":\"function\"},{\"constant\":true,\"inputs\":[{\"name\":\"\",\"type\":\"address\"}],\"name\":\"balanceOf\",\"outputs\":[{\"name\":\"\",\"type\":\"uint256\"}],\"type\":\"function\"},{\"constant\":false,\"inputs\":[{\"name\":\"newmpo\",\"type\":\"address\"},{\"name\":\"gridMemberToInform\",\"type\":\"address\"}],\"name\":\"assetMoveInformation\",\"outputs\":[],\"type\":\"function\"},{\"constant\":true,\"inputs\":[],\"name\":\"symbol\",\"outputs\":[{\"name\":\"\",\"type\":\"string\"}],\"type\":\"function\"},{\"constant\":false,\"inputs\":[{\"name\":\"_to\",\"type\":\"address\"},{\"name\":\"_value\",\"type\":\"uint256\"}],\"name\":\"transfer\",\"outputs\":[],\"type\":\"function\"},{\"constant\":true,\"inputs\":[{\"name\":\"\",\"type\":\"uint256\"}],\"name\":\"listeners\",\"outputs\":[{\"name\":\"\",\"type\":\"address\"}],\"type\":\"function\"},{\"constant\":false,\"inputs\":[{\"name\":\"a\",\"type\":\"address\"}],\"name\":\"reqisterListening\",\"outputs\":[],\"type\":\"function\"},{\"constant\":false,\"inputs\":[{\"name\":\"to\",\"type\":\"address\"}],\"name\":\"transferOwnership\",\"outputs\":[],\"type\":\"function\"},{\"constant\":true,\"inputs\":[],\"name\":\"reading\",\"outputs\":[{\"name\":\"\",\"type\":\"uint256\"}],\"type\":\"function\"},{\"inputs\":[],\"type\":\"constructor\"},{\"anonymous\":false,\"inputs\":[{\"indexed\":true,\"name\":\"from\",\"type\":\"address\"},{\"indexed\":true,\"name\":\"to\",\"type\":\"address\"},{\"indexed\":false,\"name\":\"value\",\"type\":\"uint256\"}],\"name\":\"Transfer\",\"type\":\"event\"}]","ContractName":"MPO","CompilerVersion":"v0.3.1-2016-04-18-81ae2a7","OptimizationUsed":"1","Runs":"200","ConstructorArguments":"","Library":"","LicenseType":"","SwarmSource":""}
