{"SourceCode":"contract Vote {\r\n    event LogVote(address indexed addr);\r\n\r\n    function() {\r\n        LogVote(msg.sender);\r\n\r\n        if (msg.value > 0) {\r\n            if (!msg.sender.send(msg.value)) {\r\n                throw;\r\n            }\r\n        }\r\n    }\r\n}","ABI":"[{\"anonymous\":false,\"inputs\":[{\"indexed\":true,\"name\":\"addr\",\"type\":\"address\"}],\"name\":\"LogVote\",\"type\":\"event\"}]","ContractName":"Vote","CompilerVersion":"v0.3.6+commit.3fc68da","OptimizationUsed":"0","Runs":"200","ConstructorArguments":"","Library":"","LicenseType":"","SwarmSource":""}
