{"SourceCode":"// Refund contract for extraBalance\r\n// Amounts to be paid are tokenized in another contract and allow using the same refund contract as for theDAO\r\n// Though it may be misleading, the names 'DAO', 'mainDAO' are kept here for the ease of code review\r\n\r\ncontract DAO {\r\n    function balanceOf(address addr) returns (uint);\r\n    function transferFrom(address from, address to, uint balance) returns (bool);\r\n    uint public totalSupply;\r\n}\r\n\r\ncontract WithdrawDAO {\r\n    DAO constant public mainDAO = DAO(0x5c40ef6f527f4fba68368774e6130ce6515123f2);\r\n    address constant public trustee = 0xda4a4626d3e16e094de3225a751aab7128e96526;\r\n\r\n    function withdraw(){\r\n        uint balance = mainDAO.balanceOf(msg.sender);\r\n\r\n        if (!mainDAO.transferFrom(msg.sender, this, balance) || !msg.sender.send(balance))\r\n            throw;\r\n    }\r\n\r\n    /**\r\n    * Return funds back to the curator.\r\n    */\r\n    function clawback() external {\r\n        if (msg.sender != trustee) throw;\r\n        if (!trustee.send(this.balance)) throw;\r\n    }\r\n}","ABI":"[{\"constant\":false,\"inputs\":[],\"name\":\"clawback\",\"outputs\":[],\"type\":\"function\"},{\"constant\":false,\"inputs\":[],\"name\":\"withdraw\",\"outputs\":[],\"type\":\"function\"},{\"constant\":true,\"inputs\":[],\"name\":\"mainDAO\",\"outputs\":[{\"name\":\"\",\"type\":\"address\"}],\"type\":\"function\"},{\"constant\":true,\"inputs\":[],\"name\":\"trustee\",\"outputs\":[{\"name\":\"\",\"type\":\"address\"}],\"type\":\"function\"}]","ContractName":"WithdrawDAO","CompilerVersion":"v0.3.6-2016-08-17-c499470","OptimizationUsed":"1","Runs":"200","ConstructorArguments":"","Library":"","LicenseType":"","SwarmSource":""}
