{"SourceCode":"pragma solidity ^0.4.8;\r\n\r\ncontract Sylence {\r\n\r\n  struct User {\r\n    uint256 pubKeysCount;\r\n    mapping(uint256 => string) pubKeys;\r\n  }\r\n  mapping(string => User) users;\r\n\r\n  address owner;\r\n  function Sylence() { owner = msg.sender; }\r\n\r\n  function getPubKeyByHash(string phoneHash) constant returns (\r\n    string pubKey,\r\n    uint256 currentIndex\r\n  ) {\r\n    User u = users[phoneHash];\r\n    currentIndex = u.pubKeysCount;\r\n    pubKey = u.pubKeys[currentIndex];\r\n  }\r\n\r\n  function registerNewPubKeyForHash(string phoneHash, string pubKey) {\r\n    if(msg.sender != owner) { throw; }\r\n    users[phoneHash].pubKeys[++users[phoneHash].pubKeysCount] = pubKey;\r\n  }\r\n\r\n}","ABI":"[{\"constant\":false,\"inputs\":[{\"name\":\"phoneHash\",\"type\":\"string\"},{\"name\":\"pubKey\",\"type\":\"string\"}],\"name\":\"registerNewPubKeyForHash\",\"outputs\":[],\"payable\":false,\"type\":\"function\"},{\"constant\":true,\"inputs\":[{\"name\":\"phoneHash\",\"type\":\"string\"}],\"name\":\"getPubKeyByHash\",\"outputs\":[{\"name\":\"pubKey\",\"type\":\"string\"},{\"name\":\"currentIndex\",\"type\":\"uint256\"}],\"payable\":false,\"type\":\"function\"},{\"inputs\":[],\"payable\":false,\"type\":\"constructor\"}]","ContractName":"Sylence","CompilerVersion":"v0.4.9+commit.364da425","OptimizationUsed":"1","Runs":"200","ConstructorArguments":"","Library":"","LicenseType":"","SwarmSource":"bzzr://24dd70593e1ad6ace17b47ac7d103b8110a70f1c087c4c38a54408ac76d657a9"}
