{"SourceCode":"pragma solidity ^0.4.8;\r\n\r\ncontract Sylence {\r\n\r\n  struct User {\r\n    uint16 pubKeysCount;\r\n    mapping(uint16 => string) pubKeys;\r\n  }\r\n  mapping(bytes28 => User) users;\r\n\r\n  address owner;\r\n\r\n  function Sylence() { owner = msg.sender; }\r\n\r\n  function getPubKeyByHash(bytes28 phoneHash) constant returns (string pubKey) {\r\n    User u = users[phoneHash];\r\n    pubKey = u.pubKeys[u.pubKeysCount];\r\n  }\r\n\r\n  function registerNewPubKeyForHash(bytes28 phoneHash, string pubKey) {\r\n    if(msg.sender != owner) { throw; }\r\n    User u = users[phoneHash];\r\n    u.pubKeys[u.pubKeysCount++] = pubKey;\r\n  }\r\n\r\n}","ABI":"[{\"constant\":false,\"inputs\":[{\"name\":\"phoneHash\",\"type\":\"bytes28\"},{\"name\":\"pubKey\",\"type\":\"string\"}],\"name\":\"registerNewPubKeyForHash\",\"outputs\":[],\"payable\":false,\"type\":\"function\"},{\"constant\":true,\"inputs\":[{\"name\":\"phoneHash\",\"type\":\"bytes28\"}],\"name\":\"getPubKeyByHash\",\"outputs\":[{\"name\":\"pubKey\",\"type\":\"string\"}],\"payable\":false,\"type\":\"function\"},{\"inputs\":[],\"payable\":false,\"type\":\"constructor\"}]","ContractName":"Sylence","CompilerVersion":"v0.4.9+commit.364da425","OptimizationUsed":"1","Runs":"200","ConstructorArguments":"","Library":"","LicenseType":"","SwarmSource":"bzzr://adbe588637d8df53c716c2ba59575f254b5da4233a00b71869b0f048eac991ad"}
