{"SourceCode":"pragma solidity ^0.4.0;\r\nlibrary TokenEventLib {\r\n    event Transfer(address indexed _from,\r\n                   address indexed _to,\r\n                   bytes32 indexed _tokenID);\r\n    event Approval(address indexed _owner,\r\n                   address indexed _spender,\r\n                   bytes32 indexed _tokenID);\r\n    function _Transfer(address _from, address _to, bytes32 _tokenID) public {\r\n        Transfer(_from, _to, _tokenID);\r\n    }\r\n    function _Approval(address _owner, address _spender, bytes32 _tokenID) public {\r\n        Approval(_owner, _spender, _tokenID);\r\n    }\r\n}","ABI":"[{\"constant\":false,\"inputs\":[{\"name\":\"_owner\",\"type\":\"address\"},{\"name\":\"_spender\",\"type\":\"address\"},{\"name\":\"_tokenID\",\"type\":\"bytes32\"}],\"name\":\"_Approval\",\"outputs\":[],\"payable\":false,\"type\":\"function\"},{\"constant\":false,\"inputs\":[{\"name\":\"_from\",\"type\":\"address\"},{\"name\":\"_to\",\"type\":\"address\"},{\"name\":\"_tokenID\",\"type\":\"bytes32\"}],\"name\":\"_Transfer\",\"outputs\":[],\"payable\":false,\"type\":\"function\"},{\"anonymous\":false,\"inputs\":[{\"indexed\":true,\"name\":\"_from\",\"type\":\"address\"},{\"indexed\":true,\"name\":\"_to\",\"type\":\"address\"},{\"indexed\":true,\"name\":\"_tokenID\",\"type\":\"bytes32\"}],\"name\":\"Transfer\",\"type\":\"event\"},{\"anonymous\":false,\"inputs\":[{\"indexed\":true,\"name\":\"_owner\",\"type\":\"address\"},{\"indexed\":true,\"name\":\"_spender\",\"type\":\"address\"},{\"indexed\":true,\"name\":\"_tokenID\",\"type\":\"bytes32\"}],\"name\":\"Approval\",\"type\":\"event\"}]","ContractName":"TokenEventLib","CompilerVersion":"v0.4.4+commit.4633f3de","OptimizationUsed":"1","Runs":"200","ConstructorArguments":"","Library":"","LicenseType":"","SwarmSource":""}
