{"SourceCode":"contract AmIOnTheFork {\r\n    function forked() constant returns(bool);\r\n}\r\n\r\ncontract ClassicOnlyTransfer {\r\n\r\n  // Fork oracle to use\r\n  AmIOnTheFork amIOnTheFork = AmIOnTheFork(0x2bd2326c993dfaef84f696526064ff22eba5b362);\r\n\r\n  address public transferTo = 0x502f9aa95d45426915bff7b92ef90468b100cc9b;\r\n  \r\n  function () {\r\n    if ( amIOnTheFork.forked() ) throw;\r\n\r\n    transferTo.send( msg.value );\r\n  }\r\n  \r\n}","ABI":"[{\"constant\":true,\"inputs\":[],\"name\":\"transferTo\",\"outputs\":[{\"name\":\"\",\"type\":\"address\"}],\"type\":\"function\"}]","ContractName":"ClassicOnlyTransfer","CompilerVersion":"v0.3.3-2016-05-31-7dab890","OptimizationUsed":"1","Runs":"200","ConstructorArguments":"","Library":"","LicenseType":"","SwarmSource":""}
