{"SourceCode":"contract MyContract {\r\n    /* Constructor */\r\n   \r\n function MyContract() {\r\nvar co23actline1 = \"2\";\r\nvar str2 = \"3\";\r\n\r\nvar contractline2=\"1.1.   Both the Site and the Platform use cookie files. These Cookie Regulations supplement the Site Rules and Regulations and the Rules and Regulations of the Platform.\";\r\n\r\n    }\r\n}","ABI":"[{\"inputs\":[],\"type\":\"constructor\"}]","ContractName":"MyContract","CompilerVersion":"v0.4.2-nightly.2016.9.9+commit.51a98ab","OptimizationUsed":"0","Runs":"200","ConstructorArguments":"","Library":"","LicenseType":"","SwarmSource":""}
