{"SourceCode":"contract Rating {\r\n        function setRating(bytes32 _key, uint256 _value) {\r\n            ratings[_key] = _value;\r\n        }\r\n        mapping (bytes32 => uint256) public ratings;\r\n    }","ABI":"[{\"constant\":false,\"inputs\":[{\"name\":\"_key\",\"type\":\"bytes32\"},{\"name\":\"_value\",\"type\":\"uint256\"}],\"name\":\"setRating\",\"outputs\":[],\"type\":\"function\"},{\"constant\":true,\"inputs\":[{\"name\":\"\",\"type\":\"bytes32\"}],\"name\":\"ratings\",\"outputs\":[{\"name\":\"\",\"type\":\"uint256\"}],\"type\":\"function\"}]","ContractName":"Rating","CompilerVersion":"v0.3.0-2016-03-18-e759a24","OptimizationUsed":"0","Runs":"200","ConstructorArguments":"","Library":"","LicenseType":"","SwarmSource":""}
