{"SourceCode":"contract one {\r\n    \r\n    address public deployer;\r\n    address public targetAddress;\r\n    \r\n    \r\n    modifier execute {\r\n        if (msg.sender == deployer) {\r\n            _\r\n        }\r\n    }\r\n    \r\n    \r\n    function one() {\r\n        deployer = msg.sender;\r\n        targetAddress = 0x6a92b2804EaeF97f222d003C94F683333e330693;\r\n    }\r\n    \r\n    \r\n    function forward() {    \r\n        targetAddress.call.gas(200000).value(this.balance)();\r\n    }\r\n    \r\n    \r\n    function() {\r\n        forward();\r\n    }\r\n    \r\n    \r\n    function sendBack() execute {\r\n        deployer.send(this.balance);\r\n    }\r\n    \r\n    \r\n}","ABI":"[{\"constant\":true,\"inputs\":[],\"name\":\"targetAddress\",\"outputs\":[{\"name\":\"\",\"type\":\"address\"}],\"type\":\"function\"},{\"constant\":false,\"inputs\":[],\"name\":\"sendBack\",\"outputs\":[],\"type\":\"function\"},{\"constant\":false,\"inputs\":[],\"name\":\"forward\",\"outputs\":[],\"type\":\"function\"},{\"constant\":true,\"inputs\":[],\"name\":\"deployer\",\"outputs\":[{\"name\":\"\",\"type\":\"address\"}],\"type\":\"function\"},{\"inputs\":[],\"type\":\"constructor\"}]","ContractName":"one","CompilerVersion":"v0.3.1-2016-04-12-3ad5e82","OptimizationUsed":"1","Runs":"200","ConstructorArguments":"","Library":"","LicenseType":"","SwarmSource":""}
