{"SourceCode":"contract mortal {\r\n    /* Define variable owner of the type address*/\r\n    address owner;\r\n\r\n    /* this function is executed at initialization and sets the owner of the contract */\r\n    function mortal() { owner = msg.sender; }\r\n\r\n    /* Function to recover the funds on the contract */\r\n    function kill() { if (msg.sender == owner) selfdestruct(owner); }\r\n}\r\n\r\ncontract Videos is mortal {\r\n\r\n    uint public numVideos;\r\n\r\n    struct  Video {\r\n        string videoURL;\r\n        string team;\r\n        uint amount;\r\n    }\r\n    mapping (uint => Video) public videos;\r\n    \r\n    function Videos(){\r\n        numVideos=0;\r\n\r\n    }\r\n    \r\n    function submitVideo(string videoURL, string team) returns (uint videoID)\r\n    {\r\n        videoID = numVideos;\r\n        videos[videoID] = Video(videoURL, team, msg.value);\r\n        numVideos = numVideos+1;\r\n    }\r\n    \r\n        function vote(uint videoID)\r\n    {\r\n        uint payout;\r\n        videos[videoID].amount=videos[videoID].amount+msg.value;\r\n        payout = msg.value / ((block.number % 10)+1);\r\n\t    if(payout > 0){\r\n\t        msg.sender.send(payout);\r\n\t    }\r\n    }\r\n  \r\n}","ABI":"[{\"constant\":false,\"inputs\":[{\"name\":\"videoID\",\"type\":\"uint256\"}],\"name\":\"vote\",\"outputs\":[],\"type\":\"function\"},{\"constant\":false,\"inputs\":[{\"name\":\"videoURL\",\"type\":\"string\"},{\"name\":\"team\",\"type\":\"string\"}],\"name\":\"submitVideo\",\"outputs\":[{\"name\":\"videoID\",\"type\":\"uint256\"}],\"type\":\"function\"},{\"constant\":false,\"inputs\":[],\"name\":\"kill\",\"outputs\":[],\"type\":\"function\"},{\"constant\":true,\"inputs\":[{\"name\":\"\",\"type\":\"uint256\"}],\"name\":\"videos\",\"outputs\":[{\"name\":\"videoURL\",\"type\":\"string\"},{\"name\":\"team\",\"type\":\"string\"},{\"name\":\"amount\",\"type\":\"uint256\"}],\"type\":\"function\"},{\"constant\":true,\"inputs\":[],\"name\":\"numVideos\",\"outputs\":[{\"name\":\"\",\"type\":\"uint256\"}],\"type\":\"function\"},{\"inputs\":[],\"type\":\"constructor\"}]","ContractName":"Videos","CompilerVersion":"v0.3.5-2016-07-01-48238c9","OptimizationUsed":"0","Runs":"200","ConstructorArguments":"","Library":"","LicenseType":"","SwarmSource":""}
