{"SourceCode":"pragma solidity ^0.4.8;\r\n\r\n// ----------------------------------------------------------------------------------------------\r\n// The Ripto Bux smart contract - to find out more, join the Incent Slack; http://incentinvites.herokuapp.com/\r\n// A collaboration between Incent and Bok :)\r\n// Enjoy. (c) Incent Loyalty Pty Ltd and Bok Consulting Pty Ltd 2017. The MIT Licence.\r\n// ----------------------------------------------------------------------------------------------\r\n\r\n// Contract configuration\r\ncontract TokenConfig {\r\n    string public constant symbol = \"RBUX\";\r\n    string public constant name = \"Ripto Bux\";\r\n    uint8 public constant decimals = 8;  // 0 decimal places, the same as tokens on Wave\r\n    uint256 _totalSupply = 100000000000000000;\r\n}\r\n\r\n// ERC Token Standard #20 Interface\r\n// https://github.com/ethereum/EIPs/issues/20\r\ncontract ERC20Interface {\r\n    // Get the total token supply\r\n    function totalSupply() constant returns (uint256 totalSupply);\r\n\r\n    // Get the account balance of another account with address _owner\r\n    function balanceOf(address _owner) constant returns (uint256 balance);\r\n\r\n    // Send _value amount of tokens to address _to\r\n    function transfer(address _to, uint256 _value) returns (bool success);\r\n\r\n    // Send _value amount of tokens from address _from to address _to\r\n    function transferFrom(address _from, address _to, uint256 _value) returns (bool success);\r\n\r\n    // Allow _spender to withdraw from your account, multiple times, up to the _value amount.\r\n    // If this function is called again it overwrites the current allowance with _value.\r\n    // this function is required for some DEX functionality\r\n    function approve(address _spender, uint256 _value) returns (bool success);\r\n\r\n    // Returns the amount which _spender is still allowed to withdraw from _owner\r\n    function allowance(address _owner, address _spender) constant returns (uint256 remaining);\r\n\r\n    // Triggered when tokens are transferred.\r\n    event Transfer(address indexed _from, address indexed _to, uint256 _value);\r\n\r\n    // Triggered whenever approve(address _spender, uint256 _value) is called.\r\n    event Approval(address indexed _owner, address indexed _spender, uint256 _value);\r\n}\r\n\r\ncontract RiptoBuxToken is ERC20Interface, TokenConfig {\r\n    // Owner of this contract\r\n    address public owner;\r\n\r\n    // Balances for each account\r\n    mapping(address => uint256) balances;\r\n\r\n    // Owner of account approves the transfer of an amount to another account\r\n    mapping(address => mapping (address => uint256)) allowed;\r\n\r\n    // Functions with this modifier can only be executed by the owner\r\n    modifier onlyOwner() {\r\n        if (msg.sender != owner) {\r\n            throw;\r\n        }\r\n        _;\r\n    }\r\n\r\n    // Constructor\r\n    function RiptoBuxToken() {\r\n        owner = msg.sender;\r\n        balances[owner] = _totalSupply;\r\n    }\r\n\r\n    function totalSupply() constant returns (uint256 totalSupply) {\r\n        totalSupply = _totalSupply;\r\n    }\r\n\r\n    // What is the balance of a particular account?\r\n    function balanceOf(address _owner) constant returns (uint256 balance) {\r\n        return balances[_owner];\r\n    }\r\n\r\n    // Transfer the balance from owner's account to another account\r\n    function transfer(address _to, uint256 _amount) returns (bool success) {\r\n        if (balances[msg.sender] >= _amount\r\n            && _amount > 0\r\n            && balances[_to] + _amount > balances[_to]) {\r\n            balances[msg.sender] -= _amount;\r\n            balances[_to] += _amount;\r\n            Transfer(msg.sender, _to, _amount);\r\n            return true;\r\n        } else {\r\n            return false;\r\n        }\r\n    }\r\n\r\n    // Send _value amount of tokens from address _from to address _to\r\n    // The transferFrom method is used for a withdraw workflow, allowing contracts to send\r\n    // tokens on your behalf, for example to \"deposit\" to a contract address and/or to charge\r\n    // fees in sub-currencies; the command should fail unless the _from account has\r\n    // deliberately authorized the sender of the message via some mechanism; we propose\r\n    // these standardized APIs for approval:\r\n    function transferFrom(\r\n        address _from,\r\n        address _to,\r\n        uint256 _amount\r\n) returns (bool success) {\r\n        if (balances[_from] >= _amount\r\n            && allowed[_from][msg.sender] >= _amount\r\n            && _amount > 0\r\n            && balances[_to] + _amount > balances[_to]) {\r\n            balances[_from] -= _amount;\r\n            allowed[_from][msg.sender] -= _amount;\r\n            balances[_to] += _amount;\r\n            Transfer(_from, _to, _amount);\r\n            return true;\r\n        } else {\r\n            return false;\r\n        }\r\n    }\r\n\r\n    // Allow _spender to withdraw from your account, multiple times, up to the _value amount.\r\n    // If this function is called again it overwrites the current allowance with _value.\r\n    function approve(address _spender, uint256 _amount) returns (bool success) {\r\n        allowed[msg.sender][_spender] = _amount;\r\n        Approval(msg.sender, _spender, _amount);\r\n        return true;\r\n    }\r\n\r\n    function allowance(address _owner, address _spender) constant returns (uint256 remaining) {\r\n        return allowed[_owner][_spender];\r\n    }\r\n}\r\n\r\ncontract WavesEthereumSwap is RiptoBuxToken {\r\n    event WavesTransfer(address indexed _from, string wavesAddress, uint256 amount);\r\n\r\n    function moveToWaves(string wavesAddress, uint256 amount) {\r\n        if (!transfer(owner, amount)) throw;\r\n        WavesTransfer(msg.sender, wavesAddress, amount);\r\n    }\r\n}","ABI":"[{\"constant\":true,\"inputs\":[],\"name\":\"name\",\"outputs\":[{\"name\":\"\",\"type\":\"string\"}],\"payable\":false,\"type\":\"function\"},{\"constant\":false,\"inputs\":[{\"name\":\"_spender\",\"type\":\"address\"},{\"name\":\"_amount\",\"type\":\"uint256\"}],\"name\":\"approve\",\"outputs\":[{\"name\":\"success\",\"type\":\"bool\"}],\"payable\":false,\"type\":\"function\"},{\"constant\":true,\"inputs\":[],\"name\":\"totalSupply\",\"outputs\":[{\"name\":\"totalSupply\",\"type\":\"uint256\"}],\"payable\":false,\"type\":\"function\"},{\"constant\":false,\"inputs\":[{\"name\":\"_from\",\"type\":\"address\"},{\"name\":\"_to\",\"type\":\"address\"},{\"name\":\"_amount\",\"type\":\"uint256\"}],\"name\":\"transferFrom\",\"outputs\":[{\"name\":\"success\",\"type\":\"bool\"}],\"payable\":false,\"type\":\"function\"},{\"constant\":true,\"inputs\":[],\"name\":\"decimals\",\"outputs\":[{\"name\":\"\",\"type\":\"uint8\"}],\"payable\":false,\"type\":\"function\"},{\"constant\":true,\"inputs\":[{\"name\":\"_owner\",\"type\":\"address\"}],\"name\":\"balanceOf\",\"outputs\":[{\"name\":\"balance\",\"type\":\"uint256\"}],\"payable\":false,\"type\":\"function\"},{\"constant\":false,\"inputs\":[{\"name\":\"wavesAddress\",\"type\":\"string\"},{\"name\":\"amount\",\"type\":\"uint256\"}],\"name\":\"moveToWaves\",\"outputs\":[],\"payable\":false,\"type\":\"function\"},{\"constant\":true,\"inputs\":[],\"name\":\"owner\",\"outputs\":[{\"name\":\"\",\"type\":\"address\"}],\"payable\":false,\"type\":\"function\"},{\"constant\":true,\"inputs\":[],\"name\":\"symbol\",\"outputs\":[{\"name\":\"\",\"type\":\"string\"}],\"payable\":false,\"type\":\"function\"},{\"constant\":false,\"inputs\":[{\"name\":\"_to\",\"type\":\"address\"},{\"name\":\"_amount\",\"type\":\"uint256\"}],\"name\":\"transfer\",\"outputs\":[{\"name\":\"success\",\"type\":\"bool\"}],\"payable\":false,\"type\":\"function\"},{\"constant\":true,\"inputs\":[{\"name\":\"_owner\",\"type\":\"address\"},{\"name\":\"_spender\",\"type\":\"address\"}],\"name\":\"allowance\",\"outputs\":[{\"name\":\"remaining\",\"type\":\"uint256\"}],\"payable\":false,\"type\":\"function\"},{\"anonymous\":false,\"inputs\":[{\"indexed\":true,\"name\":\"_from\",\"type\":\"address\"},{\"indexed\":false,\"name\":\"wavesAddress\",\"type\":\"string\"},{\"indexed\":false,\"name\":\"amount\",\"type\":\"uint256\"}],\"name\":\"WavesTransfer\",\"type\":\"event\"},{\"anonymous\":false,\"inputs\":[{\"indexed\":true,\"name\":\"_from\",\"type\":\"address\"},{\"indexed\":true,\"name\":\"_to\",\"type\":\"address\"},{\"indexed\":false,\"name\":\"_value\",\"type\":\"uint256\"}],\"name\":\"Transfer\",\"type\":\"event\"},{\"anonymous\":false,\"inputs\":[{\"indexed\":true,\"name\":\"_owner\",\"type\":\"address\"},{\"indexed\":true,\"name\":\"_spender\",\"type\":\"address\"},{\"indexed\":false,\"name\":\"_value\",\"type\":\"uint256\"}],\"name\":\"Approval\",\"type\":\"event\"}]","ContractName":"WavesEthereumSwap","CompilerVersion":"v0.4.8+commit.60cc1668","OptimizationUsed":"1","Runs":"200","ConstructorArguments":"","Library":"","LicenseType":"","SwarmSource":"bzzr://07e9d37a3c8b889462694e1b0cb0405f887ad103c800895633a2cf1ddc2d0dab"}
