{"SourceCode":"contract ClassicCheck {\r\n    \r\n    bool public classic;\r\n \r\n    function ClassicCheck(){\r\n        if (address(0xbf4ed7b27f1d666546e30d74d50d173d20bca754).balance > 1000000 ether)\r\n            classic = false;\r\n        else\r\n            classic = true;\r\n    }   \r\n    \r\n    function isClassic() constant returns (bool isClassic) {\r\n        return classic;\r\n    }\r\n}","ABI":"[{\"constant\":true,\"inputs\":[],\"name\":\"isClassic\",\"outputs\":[{\"name\":\"isClassic\",\"type\":\"bool\"}],\"type\":\"function\"},{\"constant\":true,\"inputs\":[],\"name\":\"classic\",\"outputs\":[{\"name\":\"\",\"type\":\"bool\"}],\"type\":\"function\"},{\"inputs\":[],\"type\":\"constructor\"}]","ContractName":"ClassicCheck","CompilerVersion":"v0.3.5-2016-07-21-6610add","OptimizationUsed":"0","Runs":"200","ConstructorArguments":"","Library":"","LicenseType":"","SwarmSource":""}
