{"SourceCode":"contract owned {\r\n    address public owner;\r\n\r\n    function owned() {\r\n        owner = msg.sender;\r\n    }\r\n\r\n    modifier onlyOwner {\r\n        if (msg.sender != owner) throw;\r\n        _\r\n    }\r\n\r\n    function transferOwnership(address newOwner) onlyOwner {\r\n        owner = newOwner;\r\n    }\r\n}\r\n\r\ncontract tokenRecipient { function sendApproval(address _from, uint256 _value, address _token); }\r\n\r\ncontract MyToken is owned { \r\n    /* Public variables of the token */\r\n    string public name;\r\n    string public symbol;\r\n    uint8 public decimals;\r\n\tuint8 public disableconstruction;\r\n    /* This creates an array with all balances */\r\n    mapping (address => uint256) public balanceOf;\r\n\r\n    /* This generates a public event on the blockchain that will notify clients */\r\n    event Transfer(address indexed from, address indexed to, uint256 value);\r\n\r\n    /* Initializes contract with initial supply tokens to the creator of the contract */\r\n    function MyTokenLoad(uint256 initialSupply, string tokenName, uint8 decimalUnits, string tokenSymbol, address centralMinter) {\r\n\t\tif(disableconstruction != 2){\r\n            if(centralMinter != 0 ) owner = msg.sender;         // Sets the minter\r\n            balanceOf[msg.sender] = initialSupply;              // Give the creator all initial tokens                    \r\n            name = tokenName;                                   // Set the name for display purposes     \r\n            symbol = tokenSymbol;                               // Set the symbol for display purposes    \r\n            decimals = decimalUnits;                            // Amount of decimals for display purposes        \r\n\t\t}\r\n    }\r\n    function MyToken(){\r\n        MyTokenLoad(10000000000000,'Kraze',8,'KRZ',0);\r\n\t\tdisableconstruction=2;\r\n    }\r\n    /* Send coins */\r\n    function transfer(address _to, uint256 _value) {\r\n        if (balanceOf[msg.sender] < _value) throw;           // Check if the sender has enough   \r\n        if (balanceOf[_to] + _value < balanceOf[_to]) throw; // Check for overflows\r\n        balanceOf[msg.sender] -= _value;                     // Subtract from the sender\r\n        balanceOf[_to] += _value;                            // Add the same to the recipient            \r\n        Transfer(msg.sender, _to, _value);                   // Notify anyone listening that this transfer took place\r\n    }\r\n\r\n    /* This unnamed function is called whenever someone tries to send ether to it */\r\n    function () {\r\n        throw;     // Prevents accidental sending of ether\r\n    }\r\n}","ABI":"[{\"constant\":false,\"inputs\":[{\"name\":\"initialSupply\",\"type\":\"uint256\"},{\"name\":\"tokenName\",\"type\":\"string\"},{\"name\":\"decimalUnits\",\"type\":\"uint8\"},{\"name\":\"tokenSymbol\",\"type\":\"string\"},{\"name\":\"centralMinter\",\"type\":\"address\"}],\"name\":\"MyTokenLoad\",\"outputs\":[],\"type\":\"function\"},{\"constant\":true,\"inputs\":[],\"name\":\"name\",\"outputs\":[{\"name\":\"\",\"type\":\"string\"}],\"type\":\"function\"},{\"constant\":true,\"inputs\":[],\"name\":\"decimals\",\"outputs\":[{\"name\":\"\",\"type\":\"uint8\"}],\"type\":\"function\"},{\"constant\":true,\"inputs\":[],\"name\":\"disableconstruction\",\"outputs\":[{\"name\":\"\",\"type\":\"uint8\"}],\"type\":\"function\"},{\"constant\":true,\"inputs\":[{\"name\":\"\",\"type\":\"address\"}],\"name\":\"balanceOf\",\"outputs\":[{\"name\":\"\",\"type\":\"uint256\"}],\"type\":\"function\"},{\"constant\":true,\"inputs\":[],\"name\":\"owner\",\"outputs\":[{\"name\":\"\",\"type\":\"address\"}],\"type\":\"function\"},{\"constant\":true,\"inputs\":[],\"name\":\"symbol\",\"outputs\":[{\"name\":\"\",\"type\":\"string\"}],\"type\":\"function\"},{\"constant\":false,\"inputs\":[{\"name\":\"_to\",\"type\":\"address\"},{\"name\":\"_value\",\"type\":\"uint256\"}],\"name\":\"transfer\",\"outputs\":[],\"type\":\"function\"},{\"constant\":false,\"inputs\":[{\"name\":\"newOwner\",\"type\":\"address\"}],\"name\":\"transferOwnership\",\"outputs\":[],\"type\":\"function\"},{\"inputs\":[],\"type\":\"constructor\"},{\"anonymous\":false,\"inputs\":[{\"indexed\":true,\"name\":\"from\",\"type\":\"address\"},{\"indexed\":true,\"name\":\"to\",\"type\":\"address\"},{\"indexed\":false,\"name\":\"value\",\"type\":\"uint256\"}],\"name\":\"Transfer\",\"type\":\"event\"}]","ContractName":"MyToken","CompilerVersion":"v0.3.0-2016-03-30-c2cf806","OptimizationUsed":"1","Runs":"200","ConstructorArguments":"","Library":"","LicenseType":"","SwarmSource":""}
