{"SourceCode":"pragma solidity ^0.4.1;\r\n\r\ncontract ForceSendHelper\r\n{\r\n    function ForceSendHelper(address _to) payable\r\n    {\r\n        selfdestruct(_to);\r\n    }\r\n}\r\n\r\ncontract ForceSend\r\n{\r\n    function send(address _to) payable\r\n    {\r\n        if (_to == 0x0) {\r\n            throw;\r\n        }\r\n        ForceSendHelper s = (new ForceSendHelper).value(msg.value)(_to);\r\n        if (address(s) == 0x0) {\r\n            throw;\r\n        }\r\n    }\r\n    \r\n    function withdraw(address _to)\r\n    {\r\n        if (_to == 0x0) {\r\n            throw;\r\n        }\r\n        if (!_to.send(this.balance)) {\r\n            throw;\r\n        }\r\n    }\r\n}","ABI":"[{\"constant\":false,\"inputs\":[{\"name\":\"_to\",\"type\":\"address\"}],\"name\":\"send\",\"outputs\":[],\"payable\":true,\"type\":\"function\"},{\"constant\":false,\"inputs\":[{\"name\":\"_to\",\"type\":\"address\"}],\"name\":\"withdraw\",\"outputs\":[],\"payable\":false,\"type\":\"function\"}]","ContractName":"ForceSend","CompilerVersion":"v0.4.1+commit.4fc6fc2c","OptimizationUsed":"1","Runs":"200","ConstructorArguments":"","Library":"","LicenseType":"","SwarmSource":""}
