{"SourceCode":"pragma solidity ^0.4.4;\r\n/**\r\n * @title Contract for object that have an owner\r\n */\r\ncontract Owned {\r\n    /**\r\n     * Contract owner address\r\n     */\r\n    address public owner;\r\n\r\n    /**\r\n     * @dev Store owner on creation\r\n     */\r\n    function Owned() { owner = msg.sender; }\r\n\r\n    /**\r\n     * @dev Delegate contract to another person\r\n     * @param _owner is another person address\r\n     */\r\n    function delegate(address _owner) onlyOwner\r\n    { owner = _owner; }\r\n\r\n    /**\r\n     * @dev Owner check modifier\r\n     */\r\n    modifier onlyOwner { if (msg.sender != owner) throw; _; }\r\n}\r\n\r\n\r\n/**\r\n * @title Contract for objects that can be morder\r\n */\r\ncontract Mortal is Owned {\r\n    /**\r\n     * @dev Destroy contract and scrub a data\r\n     * @notice Only owner can kill me\r\n     */\r\n    function kill() onlyOwner\r\n    { suicide(owner); }\r\n}\r\n\r\n\r\ncontract Comission is Mortal {\r\n    address public ledger;\r\n    bytes32 public taxman;\r\n    uint    public taxPerc;\r\n\r\n    /**\r\n     * @dev Comission contract constructor\r\n     * @param _ledger Processing ledger contract\r\n     * @param _taxman Tax receiver account\r\n     * @param _taxPerc Processing tax in percent\r\n     */\r\n    function Comission(address _ledger, bytes32 _taxman, uint _taxPerc) {\r\n        ledger  = _ledger;\r\n        taxman  = _taxman;\r\n        taxPerc = _taxPerc;\r\n    }\r\n\r\n    /**\r\n     * @dev Refill ledger with comission\r\n     * @param _destination Destination account\r\n     */\r\n    function process(bytes32 _destination) payable returns (bool) {\r\n        // Handle value below 100 isn't possible\r\n        if (msg.value < 100) throw;\r\n\r\n        var tax = msg.value * taxPerc / 100; \r\n        var refill = bytes4(sha3(\"refill(bytes32)\")); \r\n        if ( !ledger.call.value(tax)(refill, taxman)\r\n          || !ledger.call.value(msg.value - tax)(refill, _destination)\r\n           ) throw;\r\n        return true;\r\n    }\r\n}\r\n\r\nlibrary CreatorComission {\r\n    function create(address _ledger, bytes32 _taxman, uint256 _taxPerc) returns (Comission)\r\n    { return new Comission(_ledger, _taxman, _taxPerc); }\r\n\r\n    function version() constant returns (string)\r\n    { return \"v0.5.0 (a9ea4c6c)\"; }\r\n\r\n    function abi() constant returns (string)\r\n    { return '[{\"constant\":false,\"inputs\":[{\"name\":\"_destination\",\"type\":\"bytes32\"}],\"name\":\"process\",\"outputs\":[{\"name\":\"\",\"type\":\"bool\"}],\"payable\":true,\"type\":\"function\"},{\"constant\":false,\"inputs\":[],\"name\":\"kill\",\"outputs\":[],\"payable\":false,\"type\":\"function\"},{\"constant\":true,\"inputs\":[],\"name\":\"taxman\",\"outputs\":[{\"name\":\"\",\"type\":\"bytes32\"}],\"payable\":false,\"type\":\"function\"},{\"constant\":true,\"inputs\":[],\"name\":\"ledger\",\"outputs\":[{\"name\":\"\",\"type\":\"address\"}],\"payable\":false,\"type\":\"function\"},{\"constant\":false,\"inputs\":[{\"name\":\"_owner\",\"type\":\"address\"}],\"name\":\"delegate\",\"outputs\":[],\"payable\":false,\"type\":\"function\"},{\"constant\":true,\"inputs\":[],\"name\":\"owner\",\"outputs\":[{\"name\":\"\",\"type\":\"address\"}],\"payable\":false,\"type\":\"function\"},{\"constant\":true,\"inputs\":[],\"name\":\"taxPerc\",\"outputs\":[{\"name\":\"\",\"type\":\"uint256\"}],\"payable\":false,\"type\":\"function\"},{\"inputs\":[{\"name\":\"_ledger\",\"type\":\"address\"},{\"name\":\"_taxman\",\"type\":\"bytes32\"},{\"name\":\"_taxPerc\",\"type\":\"uint256\"}],\"type\":\"constructor\"}]'; }\r\n}","ABI":"[{\"constant\":true,\"inputs\":[],\"name\":\"abi\",\"outputs\":[{\"name\":\"\",\"type\":\"string\"}],\"payable\":false,\"type\":\"function\"},{\"constant\":true,\"inputs\":[],\"name\":\"version\",\"outputs\":[{\"name\":\"\",\"type\":\"string\"}],\"payable\":false,\"type\":\"function\"},{\"constant\":false,\"inputs\":[{\"name\":\"_ledger\",\"type\":\"address\"},{\"name\":\"_taxman\",\"type\":\"bytes32\"},{\"name\":\"_taxPerc\",\"type\":\"uint256\"}],\"name\":\"create\",\"outputs\":[{\"name\":\"\",\"type\":\"Comission\"}],\"payable\":false,\"type\":\"function\"}]","ContractName":"CreatorComission","CompilerVersion":"v0.4.4+commit.4633f3de","OptimizationUsed":"1","Runs":"200","ConstructorArguments":"","Library":"","LicenseType":"","SwarmSource":""}
