{"SourceCode":"contract mortal {\r\n    /* Define variable owner of the type address*/\r\n    address owner;\r\n\r\n    /* this function is executed at initialization and sets the owner of the contract */\r\n    function mortal() { owner = msg.sender; }\r\n\r\n    /* Function to recover the funds on the contract */\r\n    function kill() { if (msg.sender == owner) suicide(owner); }\r\n}","ABI":"[{\"constant\":false,\"inputs\":[],\"name\":\"kill\",\"outputs\":[],\"type\":\"function\"},{\"inputs\":[],\"type\":\"constructor\"}]","ContractName":"mortal","CompilerVersion":"v0.3.5-2016-08-08-c3ed550","OptimizationUsed":"1","Runs":"200","ConstructorArguments":"","Library":"","LicenseType":"","SwarmSource":""}
