{"SourceCode":"pragma solidity ^0.4.6;\r\n\r\ncontract VIUREFoundersTokenSale {\r\n  mapping (address => uint) public balances;\r\n\r\n  uint public transferred_total = 0;\r\n\r\n  uint public constant min_goal_amount = 4000 ether;\r\n  uint public constant max_goal_amount = 7000 ether;\r\n\r\n  address public project_wallet;\r\n\r\n  uint public token_sale_start_block;\r\n  uint public token_sale_end_block;\r\n\r\n  uint constant blocks_in_two_months = 351558;\r\n\r\n  uint public refund_window_end_block;\r\n\r\n  function VIUREFoundersTokenSale(uint _start_block, uint _end_block, address _project_wallet) {\r\n    if (_start_block <= block.number) throw;\r\n    if (_end_block <= _start_block) throw;\r\n    if (_project_wallet == 0) throw;\r\n    \r\n    token_sale_start_block = _start_block;\r\n    token_sale_end_block = _end_block;\r\n    project_wallet = _project_wallet;\r\n    refund_window_end_block = token_sale_end_block + blocks_in_two_months;\r\n  }\r\n\r\n  function has_token_sale_started() private constant returns (bool) {\r\n    return block.number >= token_sale_start_block;\r\n  }\r\n\r\n  function has_token_sale_time_ended() private constant returns (bool) {\r\n    return block.number > token_sale_end_block;\r\n  }\r\n\r\n  function is_min_goal_reached() private constant returns (bool) {\r\n    return transferred_total >= min_goal_amount;\r\n  }\r\n\r\n  function is_max_goal_reached() private constant returns (bool) {\r\n    return transferred_total >= max_goal_amount;\r\n  }\r\n\r\n  function() payable {\r\n    if (!has_token_sale_started()) throw;\r\n\r\n    if (has_token_sale_time_ended()) throw;\r\n\r\n    if (msg.value == 0) throw;\r\n\r\n    if (is_max_goal_reached()) throw;\r\n\r\n    if (transferred_total + msg.value > max_goal_amount) {\r\n     \r\n      var change_to_return = transferred_total + msg.value - max_goal_amount;\r\n      if (!msg.sender.send(change_to_return)) throw;\r\n\r\n      var to_add = max_goal_amount - transferred_total;\r\n      balances[msg.sender] += to_add;\r\n      transferred_total += to_add;\r\n\r\n    } else {\r\n      balances[msg.sender] += msg.value;\r\n      transferred_total += msg.value;\r\n    }\r\n  }\r\n\r\n  function transfer_funds_to_project() {\r\n    if (!is_min_goal_reached()) throw;\r\n    \r\n    if (this.balance == 0) throw;\r\n\r\n    if (!project_wallet.send(this.balance)) throw;\r\n  }\r\n\r\n  function refund() {\r\n    if (!has_token_sale_time_ended()) throw;\r\n\r\n    if (is_min_goal_reached()) throw;\r\n  \r\n    if (block.number > refund_window_end_block) throw;\r\n\r\n    var refund_amount = balances[msg.sender];\r\n\r\n    if (refund_amount == 0) throw;\r\n\r\n    balances[msg.sender] = 0;\r\n\r\n    if (!msg.sender.send(refund_amount)) {\r\n    if (!msg.sender.send(refund_amount)) throw;\r\n    }\r\n  }\r\n\r\n  function transfer_remaining_funds_to_project() {\r\n    if (!has_token_sale_time_ended()) throw;\r\n    if (is_min_goal_reached()) throw;\r\n    if (block.number <= refund_window_end_block) throw;\r\n\r\n    if (this.balance == 0) throw;\r\n    if (!project_wallet.send(this.balance)) throw;\r\n  }\r\n}","ABI":"[{\"constant\":true,\"inputs\":[],\"name\":\"refund_window_end_block\",\"outputs\":[{\"name\":\"\",\"type\":\"uint256\"}],\"payable\":false,\"type\":\"function\"},{\"constant\":true,\"inputs\":[{\"name\":\"\",\"type\":\"address\"}],\"name\":\"balances\",\"outputs\":[{\"name\":\"\",\"type\":\"uint256\"}],\"payable\":false,\"type\":\"function\"},{\"constant\":true,\"inputs\":[],\"name\":\"min_goal_amount\",\"outputs\":[{\"name\":\"\",\"type\":\"uint256\"}],\"payable\":false,\"type\":\"function\"},{\"constant\":false,\"inputs\":[],\"name\":\"transfer_remaining_funds_to_project\",\"outputs\":[],\"payable\":false,\"type\":\"function\"},{\"constant\":false,\"inputs\":[],\"name\":\"refund\",\"outputs\":[],\"payable\":false,\"type\":\"function\"},{\"constant\":true,\"inputs\":[],\"name\":\"token_sale_end_block\",\"outputs\":[{\"name\":\"\",\"type\":\"uint256\"}],\"payable\":false,\"type\":\"function\"},{\"constant\":true,\"inputs\":[],\"name\":\"project_wallet\",\"outputs\":[{\"name\":\"\",\"type\":\"address\"}],\"payable\":false,\"type\":\"function\"},{\"constant\":false,\"inputs\":[],\"name\":\"transfer_funds_to_project\",\"outputs\":[],\"payable\":false,\"type\":\"function\"},{\"constant\":true,\"inputs\":[],\"name\":\"transferred_total\",\"outputs\":[{\"name\":\"\",\"type\":\"uint256\"}],\"payable\":false,\"type\":\"function\"},{\"constant\":true,\"inputs\":[],\"name\":\"token_sale_start_block\",\"outputs\":[{\"name\":\"\",\"type\":\"uint256\"}],\"payable\":false,\"type\":\"function\"},{\"constant\":true,\"inputs\":[],\"name\":\"max_goal_amount\",\"outputs\":[{\"name\":\"\",\"type\":\"uint256\"}],\"payable\":false,\"type\":\"function\"},{\"inputs\":[{\"name\":\"_start_block\",\"type\":\"uint256\"},{\"name\":\"_end_block\",\"type\":\"uint256\"},{\"name\":\"_project_wallet\",\"type\":\"address\"}],\"payable\":false,\"type\":\"constructor\"},{\"payable\":true,\"type\":\"fallback\"}]","ContractName":"VIUREFoundersTokenSale","CompilerVersion":"v0.4.6+commit.2dabbdf0","OptimizationUsed":"1","Runs":"200","ConstructorArguments":"000000000000000000000000000000000000000000000000000000000030d4000000000000000000000000000000000000000000000000000000000000365df80000000000000000000000001bffad6a8d699143c3226dd788af63a5f921b410","Library":"","LicenseType":"","SwarmSource":""}
