{"SourceCode":"pragma solidity ^0.4.0;\r\n\r\ncontract Presale {\r\n   struct PresaleEntry {\r\n        address ethID;\r\n        string email;\r\n        string bitcoinSRC;\r\n        string bitcoinDEST;\r\n        uint satoshis;\r\n        uint centiWRG;\r\n    }\r\n  \r\n   PresaleEntry [] public entries ;\r\n   address public master; // master address\r\n   uint public presaleAmount;\r\n   bool public presaleGoing;\r\n   \r\n   event presaleMade(string sender, uint satoshis);\r\n\r\n    /* Initializes contract with initial supply tokens to the creator of the contract */\r\n\r\n    function Presale() {\r\n     master = msg.sender;\r\n     presaleAmount = 23970000 * 100; // 6 030 000 was sold to first investors\r\n     presaleGoing = true;\r\n    }\r\n\r\n    /* Very simple trade function */\r\n\r\n    function makePresale(string mail, address adr, uint satoshis, uint centiWRG,string bitcoinSRC, string bitcoinDEST) returns(bool sufficient) {\r\n        PresaleEntry memory entry;\r\n        int expectedWRG = int(presaleAmount) - int(centiWRG);\r\n        \r\n        if (!presaleGoing) return;\r\n        \r\n        if (msg.sender != master) return false; \r\n        if (expectedWRG < 0) return false;\r\n        \r\n        presaleAmount -= centiWRG;\r\n        entry.ethID = adr;\r\n        entry.email = mail;\r\n        entry.satoshis = satoshis;\r\n        entry.centiWRG = centiWRG;\r\n        entry.bitcoinSRC = bitcoinSRC;\r\n        entry.bitcoinDEST = bitcoinDEST;\r\n        \r\n        entries.push(entry);\r\n        \r\n        return true;\r\n     }\r\n     \r\n     function stopPresale() returns (bool ok) {\r\n          if (msg.sender != master) return false; \r\n          presaleGoing = false;\r\n          return true;\r\n     }\r\n     \r\n     function getAmountLeft() returns (uint amount){\r\n         return presaleAmount;\r\n     }\r\n     \r\n     function getPresaleNumber() returns (uint length){\r\n         return entries.length;\r\n     }\r\n    \r\n     function getPresale(uint i) returns (string,address,uint,uint,string,string){\r\n         uint max = entries.length;\r\n         if (i >= max) {\r\n             return (\"NotFound\",0,0,0,\"\",\"\");\r\n         }\r\n         return (entries[i].email,entries[i].ethID, entries[i].satoshis, entries[i].centiWRG,entries[i].bitcoinSRC,entries[i].bitcoinDEST);\r\n     }\r\n\r\n}","ABI":"[{\"constant\":false,\"inputs\":[],\"name\":\"stopPresale\",\"outputs\":[{\"name\":\"ok\",\"type\":\"bool\"}],\"payable\":false,\"type\":\"function\"},{\"constant\":true,\"inputs\":[],\"name\":\"presaleGoing\",\"outputs\":[{\"name\":\"\",\"type\":\"bool\"}],\"payable\":false,\"type\":\"function\"},{\"constant\":true,\"inputs\":[],\"name\":\"presaleAmount\",\"outputs\":[{\"name\":\"\",\"type\":\"uint256\"}],\"payable\":false,\"type\":\"function\"},{\"constant\":true,\"inputs\":[{\"name\":\"\",\"type\":\"uint256\"}],\"name\":\"entries\",\"outputs\":[{\"name\":\"ethID\",\"type\":\"address\"},{\"name\":\"email\",\"type\":\"string\"},{\"name\":\"bitcoinSRC\",\"type\":\"string\"},{\"name\":\"bitcoinDEST\",\"type\":\"string\"},{\"name\":\"satoshis\",\"type\":\"uint256\"},{\"name\":\"centiWRG\",\"type\":\"uint256\"}],\"payable\":false,\"type\":\"function\"},{\"constant\":false,\"inputs\":[],\"name\":\"getPresaleNumber\",\"outputs\":[{\"name\":\"length\",\"type\":\"uint256\"}],\"payable\":false,\"type\":\"function\"},{\"constant\":false,\"inputs\":[{\"name\":\"i\",\"type\":\"uint256\"}],\"name\":\"getPresale\",\"outputs\":[{\"name\":\"\",\"type\":\"string\"},{\"name\":\"\",\"type\":\"address\"},{\"name\":\"\",\"type\":\"uint256\"},{\"name\":\"\",\"type\":\"uint256\"},{\"name\":\"\",\"type\":\"string\"},{\"name\":\"\",\"type\":\"string\"}],\"payable\":false,\"type\":\"function\"},{\"constant\":false,\"inputs\":[{\"name\":\"mail\",\"type\":\"string\"},{\"name\":\"adr\",\"type\":\"address\"},{\"name\":\"satoshis\",\"type\":\"uint256\"},{\"name\":\"centiWRG\",\"type\":\"uint256\"},{\"name\":\"bitcoinSRC\",\"type\":\"string\"},{\"name\":\"bitcoinDEST\",\"type\":\"string\"}],\"name\":\"makePresale\",\"outputs\":[{\"name\":\"sufficient\",\"type\":\"bool\"}],\"payable\":false,\"type\":\"function\"},{\"constant\":true,\"inputs\":[],\"name\":\"master\",\"outputs\":[{\"name\":\"\",\"type\":\"address\"}],\"payable\":false,\"type\":\"function\"},{\"constant\":false,\"inputs\":[],\"name\":\"getAmountLeft\",\"outputs\":[{\"name\":\"amount\",\"type\":\"uint256\"}],\"payable\":false,\"type\":\"function\"},{\"inputs\":[],\"type\":\"constructor\"},{\"anonymous\":false,\"inputs\":[{\"indexed\":false,\"name\":\"sender\",\"type\":\"string\"},{\"indexed\":false,\"name\":\"satoshis\",\"type\":\"uint256\"}],\"name\":\"presaleMade\",\"type\":\"event\"}]","ContractName":"Presale","CompilerVersion":"v0.4.4+commit.4633f3de","OptimizationUsed":"0","Runs":"200","ConstructorArguments":"","Library":"","LicenseType":"","SwarmSource":""}
