{"SourceCode":"pragma solidity ^0.4.6;\r\n\r\ncontract BokkyPooBahWuzHere {\r\n    function BokkyPooBahWuzHere() {\r\n    }\r\n    \r\n    function helloWorld() constant returns (string) {\r\n        return \"Hello, World!\";\r\n    }\r\n    \r\n    function yaaay() constant returns (string) {\r\n        return \"yaaay!\";\r\n    }\r\n}","ABI":"[{\"constant\":true,\"inputs\":[],\"name\":\"yaaay\",\"outputs\":[{\"name\":\"\",\"type\":\"string\"}],\"payable\":false,\"type\":\"function\"},{\"constant\":true,\"inputs\":[],\"name\":\"helloWorld\",\"outputs\":[{\"name\":\"\",\"type\":\"string\"}],\"payable\":false,\"type\":\"function\"},{\"inputs\":[],\"payable\":false,\"type\":\"constructor\"}]","ContractName":"BokkyPooBahWuzHere","CompilerVersion":"v0.4.6+commit.2dabbdf0","OptimizationUsed":"1","Runs":"200","ConstructorArguments":"","Library":"","LicenseType":"","SwarmSource":""}
