{"SourceCode":"/// Simple contract that collects money, keeps them till the certain birthday\r\n/// time and then allows certain recipient to take the collected money.\r\ncontract BirthdayGift {\r\n    /// Address of the recipient allowed to take the gift after certain birthday\r\n    /// time.\r\n    address public recipient;\r\n\r\n    /// Birthday time, the gift could be taken after.\r\n    uint public birthday;\r\n\r\n    /// Congratulate recipient and give the gift.\r\n    ///\r\n    /// @param recipient recipient of the gift\r\n    /// @param value value of the gift\r\n    event HappyBirthday (address recipient, uint value);\r\n\r\n    /// Instantiate the contract with given recipient and birthday time.\r\n    ///\r\n    /// @param _recipient recipient of the gift\r\n    /// @param _birthday birthday time\r\n    function BirthdayGift (address _recipient, uint _birthday)\r\n    {\r\n        // Remember recipient\r\n        recipient = _recipient;\r\n\r\n        // Remember birthday time\r\n        birthday = _birthday;\r\n    }\r\n\r\n    /// Collect money if birthday time didn't come yet.\r\n    function ()\r\n    {\r\n        // Do not collect after birthday time\r\n        if (block.timestamp >= birthday) throw;\r\n    }\r\n\r\n    /// Take a gift.\r\n    function Take ()\r\n    {\r\n        // Only proper recipient is allowed to take the gift\r\n        if (msg.sender != recipient) throw;\r\n\r\n        // Gift couldn't be taken before birthday time\r\n        if (block.timestamp < birthday) throw;\r\n\r\n        // Let's congratulate our recipient\r\n        HappyBirthday (recipient, this.balance);\r\n\r\n        // And finally give the gift!\r\n        if (!recipient.send (this.balance)) throw;\r\n    }\r\n}","ABI":"[{\"constant\":true,\"inputs\":[],\"name\":\"birthday\",\"outputs\":[{\"name\":\"\",\"type\":\"uint256\"}],\"type\":\"function\"},{\"constant\":true,\"inputs\":[],\"name\":\"recipient\",\"outputs\":[{\"name\":\"\",\"type\":\"address\"}],\"type\":\"function\"},{\"constant\":false,\"inputs\":[],\"name\":\"Take\",\"outputs\":[],\"type\":\"function\"},{\"inputs\":[{\"name\":\"_recipient\",\"type\":\"address\"},{\"name\":\"_birthday\",\"type\":\"uint256\"}],\"type\":\"constructor\"},{\"anonymous\":false,\"inputs\":[{\"indexed\":false,\"name\":\"recipient\",\"type\":\"address\"},{\"indexed\":false,\"name\":\"value\",\"type\":\"uint256\"}],\"name\":\"HappyBirthday\",\"type\":\"event\"}]","ContractName":"BirthdayGift","CompilerVersion":"v0.3.0-2016-03-30-c2cf806","OptimizationUsed":"1","Runs":"200","ConstructorArguments":"00000000000000000000000024a610718e248d2d624e850c1552871f32391a8800000000000000000000000000000000000000000000000000000000798603fc","Library":"","LicenseType":"","SwarmSource":""}
