{"SourceCode":"contract Escrow {\r\n    address seller;\r\n    address buyer;\r\n    address arbitrator;\r\n    \r\n    function Escrow(address _seller, address _arbitrator) {\r\n        seller = _seller;\r\n        arbitrator = _arbitrator;\r\n        buyer = msg.sender;\r\n    }\r\n    \r\n    function finalize() {\r\n        if (msg.sender == buyer || msg.sender == arbitrator)\r\n            seller.send(this.balance);\r\n    }\r\n    \r\n    function refund() {\r\n        if (msg.sender == seller || msg.sender == arbitrator)\r\n            buyer.send(this.balance);\r\n    }\r\n}","ABI":"[{\"constant\":false,\"inputs\":[],\"name\":\"finalize\",\"outputs\":[],\"payable\":false,\"type\":\"function\"},{\"constant\":false,\"inputs\":[],\"name\":\"refund\",\"outputs\":[],\"payable\":false,\"type\":\"function\"},{\"inputs\":[{\"name\":\"_seller\",\"type\":\"address\"},{\"name\":\"_arbitrator\",\"type\":\"address\"}],\"type\":\"constructor\"}]","ContractName":"Escrow","CompilerVersion":"v0.4.2+commit.af6afb04","OptimizationUsed":"0","Runs":"200","ConstructorArguments":"000000000000000000000000d8da6bf26964af9d7eed9e03e53415d37aa960450000000000000000000000005ed8cee6b63b1c6afce3ad7c92f4fd7e1b8fad9f","Library":"","LicenseType":"","SwarmSource":""}
