{"SourceCode":"// TESTING CONTRACT\r\n\r\ncontract DividendProfit {\r\n\r\naddress public deployer;\r\naddress public dividendAddr;\r\n\r\n\r\nmodifier execute {\r\n    if (msg.sender == deployer)\r\n        _\r\n}\r\n\r\n\r\nfunction DividendProfit() {\r\n    deployer = msg.sender;\r\n    dividendAddr = deployer;\r\n}\r\n\r\n\r\nfunction() {\r\n    if (this.balance > 69 finney) {\r\n        dividendAddr.send(this.balance - 20 finney);\r\n    }\r\n}\r\n\r\n\r\nfunction SetAddr (address _newAddr) execute {\r\n    dividendAddr = _newAddr;\r\n}\r\n\r\n\r\nfunction TestContract() execute {\r\n    deployer.send(this.balance);\r\n}\r\n\r\n\r\n\r\n}","ABI":"[{\"constant\":false,\"inputs\":[],\"name\":\"TestContract\",\"outputs\":[],\"type\":\"function\"},{\"constant\":false,\"inputs\":[{\"name\":\"_newAddr\",\"type\":\"address\"}],\"name\":\"SetAddr\",\"outputs\":[],\"type\":\"function\"},{\"constant\":true,\"inputs\":[],\"name\":\"dividendAddr\",\"outputs\":[{\"name\":\"\",\"type\":\"address\"}],\"type\":\"function\"},{\"constant\":true,\"inputs\":[],\"name\":\"deployer\",\"outputs\":[{\"name\":\"\",\"type\":\"address\"}],\"type\":\"function\"},{\"inputs\":[],\"type\":\"constructor\"}]","ContractName":"DividendProfit","CompilerVersion":"v0.3.1-2016-04-07-054bc2a","OptimizationUsed":"1","Runs":"200","ConstructorArguments":"","Library":"","LicenseType":"","SwarmSource":""}
