{"SourceCode":"contract UsernameRegistry {\r\n\r\n  mapping(address => string) addr_to_str;\r\n  mapping(string => address) str_to_addr;\r\n\r\n  function register(string username) {\r\n    if (str_to_addr[username] != address(0)) {\r\n      // username taken\r\n      throw;\r\n    }\r\n    str_to_addr[addr_to_str[msg.sender]] = address(0);\r\n    addr_to_str[msg.sender] = username;\r\n    str_to_addr[username] = msg.sender;\r\n  }\r\n\r\n  function get_username(address addr) constant returns (string) {\r\n    return addr_to_str[addr];\r\n  }\r\n\r\n  function get_address(string username) constant returns (address) {\r\n    return str_to_addr[username];\r\n  }\r\n}","ABI":"[{\"constant\":true,\"inputs\":[{\"name\":\"username\",\"type\":\"string\"}],\"name\":\"get_address\",\"outputs\":[{\"name\":\"\",\"type\":\"address\"}],\"type\":\"function\"},{\"constant\":true,\"inputs\":[{\"name\":\"addr\",\"type\":\"address\"}],\"name\":\"get_username\",\"outputs\":[{\"name\":\"\",\"type\":\"string\"}],\"type\":\"function\"},{\"constant\":false,\"inputs\":[{\"name\":\"username\",\"type\":\"string\"}],\"name\":\"register\",\"outputs\":[],\"type\":\"function\"}]","ContractName":"UsernameRegistry","CompilerVersion":"v0.3.5-2016-07-21-6610add","OptimizationUsed":"1","Runs":"200","ConstructorArguments":"","Library":"","LicenseType":"","SwarmSource":""}
