{"SourceCode":"contract plusOnePonzi {\r\n\r\n  uint public constant VALUE = 9 ether;\r\n\r\n\r\n  struct Payout {\r\n    address addr;\r\n    uint yield;\r\n  }\r\n\r\n  Payout[] public payouts;\r\n  uint public payoutIndex = 0;\r\n  uint public payoutTotal = 0;\r\n\r\n  function PlusOnePonzi() {\r\n  }\r\n\r\n  function() {\r\n    if (msg.value < VALUE) {\r\n      throw;\r\n    }\r\n\r\n    uint entryIndex = payouts.length;\r\n    payouts.length += 1;\r\n    payouts[entryIndex].addr = msg.sender;\r\n    payouts[entryIndex].yield = 10 ether;\r\n\r\n    while (payouts[payoutIndex].yield < this.balance) {\r\n      payoutTotal += payouts[payoutIndex].yield;\r\n      payouts[payoutIndex].addr.send(payouts[payoutIndex].yield);\r\n      payoutIndex += 1;\r\n    }\r\n  }\r\n}","ABI":"[{\"constant\":true,\"inputs\":[{\"name\":\"\",\"type\":\"uint256\"}],\"name\":\"payouts\",\"outputs\":[{\"name\":\"addr\",\"type\":\"address\"},{\"name\":\"yield\",\"type\":\"uint256\"}],\"type\":\"function\"},{\"constant\":true,\"inputs\":[],\"name\":\"payoutIndex\",\"outputs\":[{\"name\":\"\",\"type\":\"uint256\"}],\"type\":\"function\"},{\"constant\":true,\"inputs\":[],\"name\":\"VALUE\",\"outputs\":[{\"name\":\"\",\"type\":\"uint256\"}],\"type\":\"function\"},{\"constant\":true,\"inputs\":[],\"name\":\"payoutTotal\",\"outputs\":[{\"name\":\"\",\"type\":\"uint256\"}],\"type\":\"function\"},{\"constant\":false,\"inputs\":[],\"name\":\"PlusOnePonzi\",\"outputs\":[],\"type\":\"function\"}]","ContractName":"plusOnePonzi","CompilerVersion":"v0.3.0-2016-03-30-c2cf806","OptimizationUsed":"1","Runs":"200","ConstructorArguments":"","Library":"","LicenseType":"","SwarmSource":""}
