{"SourceCode":"// https://github.com/ConsenSys/uport-registry\r\n\r\npragma solidity 0.4.8;\r\n\r\ncontract UportRegistry{\r\n  uint public version;\r\n  address public previousPublishedVersion;\r\n  mapping(bytes32 => mapping(address => mapping(address => bytes32))) public registry;\r\n\r\n  function UportRegistry(address _previousPublishedVersion) {\r\n    version = 3;\r\n    previousPublishedVersion = _previousPublishedVersion;\r\n  }\r\n\r\n  event Set(\r\n    bytes32 indexed registrationIdentifier,\r\n    address indexed issuer,\r\n    address indexed subject,\r\n    uint updatedAt);\r\n\r\n  //create or update\r\n  function set(bytes32 registrationIdentifier, address subject, bytes32 value){\r\n      Set(registrationIdentifier, msg.sender, subject, now);\r\n      registry[registrationIdentifier][msg.sender][subject] = value;\r\n  }\r\n\r\n  function get(bytes32 registrationIdentifier, address issuer, address subject) constant returns(bytes32){\r\n      return registry[registrationIdentifier][issuer][subject];\r\n  }\r\n}","ABI":"[{\"constant\":true,\"inputs\":[{\"name\":\"registrationIdentifier\",\"type\":\"bytes32\"},{\"name\":\"issuer\",\"type\":\"address\"},{\"name\":\"subject\",\"type\":\"address\"}],\"name\":\"get\",\"outputs\":[{\"name\":\"\",\"type\":\"bytes32\"}],\"payable\":false,\"type\":\"function\"},{\"constant\":true,\"inputs\":[],\"name\":\"version\",\"outputs\":[{\"name\":\"\",\"type\":\"uint256\"}],\"payable\":false,\"type\":\"function\"},{\"constant\":true,\"inputs\":[],\"name\":\"previousPublishedVersion\",\"outputs\":[{\"name\":\"\",\"type\":\"address\"}],\"payable\":false,\"type\":\"function\"},{\"constant\":true,\"inputs\":[{\"name\":\"\",\"type\":\"bytes32\"},{\"name\":\"\",\"type\":\"address\"},{\"name\":\"\",\"type\":\"address\"}],\"name\":\"registry\",\"outputs\":[{\"name\":\"\",\"type\":\"bytes32\"}],\"payable\":false,\"type\":\"function\"},{\"constant\":false,\"inputs\":[{\"name\":\"registrationIdentifier\",\"type\":\"bytes32\"},{\"name\":\"subject\",\"type\":\"address\"},{\"name\":\"value\",\"type\":\"bytes32\"}],\"name\":\"set\",\"outputs\":[],\"payable\":false,\"type\":\"function\"},{\"inputs\":[{\"name\":\"_previousPublishedVersion\",\"type\":\"address\"}],\"payable\":false,\"type\":\"constructor\"},{\"anonymous\":false,\"inputs\":[{\"indexed\":true,\"name\":\"registrationIdentifier\",\"type\":\"bytes32\"},{\"indexed\":true,\"name\":\"issuer\",\"type\":\"address\"},{\"indexed\":true,\"name\":\"subject\",\"type\":\"address\"},{\"indexed\":false,\"name\":\"updatedAt\",\"type\":\"uint256\"}],\"name\":\"Set\",\"type\":\"event\"}]","ContractName":"UportRegistry","CompilerVersion":"v0.4.8+commit.60cc1668","OptimizationUsed":"0","Runs":"200","ConstructorArguments":"0000000000000000000000009cbbd4956ad07b88f7daad1ac0bb83f6a58af308","Library":"","LicenseType":"","SwarmSource":"bzzr://4963652edddc6cfaee44e79b843b5e95b26c5dc9d9a5c8b92e61282f111089b2"}
