{"SourceCode":"contract IOU {\r\n    address owner;\r\n\r\n/* Public variables of the token */\r\n    string public name;\r\n    string public symbol;\r\n    uint8 public decimals;\r\n    \r\n/* This creates an array with all balances */\r\n    mapping (address => uint256) public balanceOf;\r\n\r\n/* This generates a public event on the blockchain that will notify clients */\r\nevent Transfer(address indexed from, address indexed to, uint256 value);\r\n\r\n    function IOU(string tokenName, string tokenSymbol, uint8 decimalUnits) {\r\n        owner = msg.sender;                                 // sets main RipplePay contract as owner\r\n        name = tokenName;                                       // Set the name for display purposes     \r\n        symbol = tokenSymbol;                                     // Set the symbol for display purposes    \r\n        decimals = decimalUnits;                                       // Amount of decimals for display purposes        \r\n    \r\n    }\r\n    \r\n    /* update balances so they display in ethereum-wallet */\r\n    function transfer(address _from, address _to, uint256 _value) {\r\n        if(msg.sender != owner) throw;                       // can only be invoked by main RipplePay contract\r\n        balanceOf[_from] -= _value;                     // Subtract from the sender\r\n        balanceOf[_to] += _value;                            // Add the same to the recipient\r\n        Transfer(msg.sender, _to, _value);                   // Notify anyone listening that this transfer took place\r\n    }\r\n    \r\n}\r\n\r\n\r\n\r\ncontract RipplePayMain {\r\n\r\nmapping(string => address) currencies;\r\n\r\nfunction newCurrency(string currencyName, string currencySymbol, uint8 decimalUnits){\r\ncurrencies[currencySymbol] = new IOU(currencyName, currencySymbol, decimalUnits);\r\n}\r\n\r\nfunction issueIOU(string _currency, uint256 _amount, address _to){\r\n    // update creditLines in main contract, then update balances in IOU contract to display in ethereum-wallet\r\n    IOU(currencies[_currency]).transfer(msg.sender, _to, _amount);\r\n\r\n}\r\n\r\n}","ABI":"[{\"constant\":false,\"inputs\":[{\"name\":\"_currency\",\"type\":\"string\"},{\"name\":\"_amount\",\"type\":\"uint256\"},{\"name\":\"_to\",\"type\":\"address\"}],\"name\":\"issueIOU\",\"outputs\":[],\"type\":\"function\"},{\"constant\":false,\"inputs\":[{\"name\":\"currencyName\",\"type\":\"string\"},{\"name\":\"currencySymbol\",\"type\":\"string\"},{\"name\":\"decimalUnits\",\"type\":\"uint8\"}],\"name\":\"newCurrency\",\"outputs\":[],\"type\":\"function\"}]","ContractName":"RipplePayMain","CompilerVersion":"v0.3.1-2016-04-12-3ad5e82","OptimizationUsed":"1","Runs":"200","ConstructorArguments":"","Library":"","LicenseType":"","SwarmSource":""}
