{"SourceCode":"contract ResetPonzi {\r\n\r\n  struct Person {\r\n      address addr;\r\n  }\r\n\r\n  struct NiceGuy {\r\n      address addr2;\r\n  }\r\n\r\n  Person[] public persons;\r\n  NiceGuy[] public niceGuys;\r\n\r\n  uint public payoutIdx = 0;\r\n  uint public currentNiceGuyIdx = 0;\r\n  uint public investor = 0;\r\n\r\n  address public currentNiceGuy;\r\n\r\n\r\n  function ResetPonzi() {\r\n    currentNiceGuy = msg.sender;\r\n  }\r\n\r\n\r\n  function() {\r\n    enter();\r\n  }\r\n\r\n\r\n  function enter() {\r\n    if (msg.value != 9 ether) {\r\n        throw;\r\n    }\r\n\r\n    if (investor > 8) {\r\n        uint ngidx = niceGuys.length;\r\n        niceGuys.length += 1;\r\n        niceGuys[ngidx].addr2 = msg.sender;\r\n        if (investor == 10) {\r\n            currentNiceGuy = niceGuys[currentNiceGuyIdx].addr2;\r\n            currentNiceGuyIdx += 1;\r\n        }\r\n    }\r\n\r\n    if (investor < 9) {\r\n        uint idx = persons.length;\r\n        persons.length += 1;\r\n        persons[idx].addr = msg.sender;\r\n    }\r\n\r\n    investor += 1;\r\n    if (investor == 11) {\r\n        investor = 0;\r\n    }\r\n\r\n\r\n    if (idx != 0) {\r\n\t  currentNiceGuy.send(1 ether);\r\n    }\r\n\r\n\r\n    while (this.balance > 10 ether) {\r\n      persons[payoutIdx].addr.send(10 ether);\r\n      payoutIdx += 1;\r\n    }\r\n  }\r\n}","ABI":"[{\"constant\":true,\"inputs\":[],\"name\":\"investor\",\"outputs\":[{\"name\":\"\",\"type\":\"uint256\"}],\"type\":\"function\"},{\"constant\":true,\"inputs\":[{\"name\":\"\",\"type\":\"uint256\"}],\"name\":\"niceGuys\",\"outputs\":[{\"name\":\"addr2\",\"type\":\"address\"}],\"type\":\"function\"},{\"constant\":true,\"inputs\":[],\"name\":\"currentNiceGuyIdx\",\"outputs\":[{\"name\":\"\",\"type\":\"uint256\"}],\"type\":\"function\"},{\"constant\":true,\"inputs\":[{\"name\":\"\",\"type\":\"uint256\"}],\"name\":\"persons\",\"outputs\":[{\"name\":\"addr\",\"type\":\"address\"}],\"type\":\"function\"},{\"constant\":true,\"inputs\":[],\"name\":\"payoutIdx\",\"outputs\":[{\"name\":\"\",\"type\":\"uint256\"}],\"type\":\"function\"},{\"constant\":true,\"inputs\":[],\"name\":\"currentNiceGuy\",\"outputs\":[{\"name\":\"\",\"type\":\"address\"}],\"type\":\"function\"},{\"constant\":false,\"inputs\":[],\"name\":\"enter\",\"outputs\":[],\"type\":\"function\"},{\"inputs\":[],\"type\":\"constructor\"}]","ContractName":"ResetPonzi","CompilerVersion":"v0.3.0-2016-03-30-c2cf806","OptimizationUsed":"1","Runs":"200","ConstructorArguments":"","Library":"","LicenseType":"","SwarmSource":""}
