{"SourceCode":"pragma solidity ^0.4.2;\r\n\r\ncontract owned {\r\n    address public owner;\r\n\r\n    function owned() {\r\n        owner = msg.sender;\r\n    }\r\n\r\n    modifier onlyOwner {\r\n        if (msg.sender != owner) throw;\r\n        _;\r\n    }\r\n\r\n    function transferOwnership(address newOwner) onlyOwner {\r\n        owner = newOwner;\r\n    }\r\n}\r\n\r\ncontract MyToken is owned {\r\n    /* This creates an array with all balances */\r\n    mapping (address => uint256) public balanceOf;\r\n\r\n    /* Public variables of the token */\r\n    string public standard = 'Token 0.1';\r\n    string public name = 'TrekMiles';\r\n    string public symbol = 'TMC';\r\n    uint8 public decimals = 0;\r\n    uint256 public totalSupply;\r\n\r\n    /* Initializes contract with initial supply tokens to the creator of the contract */\r\n    function MyToken() {\r\n        uint256 initialSupply = 10;\r\n        balanceOf[msg.sender] = initialSupply;\r\n        totalSupply = initialSupply;\r\n    }\r\n\r\n    event Transfer(address indexed from, address indexed to, uint256 value);\r\n\r\n    /* Send coins */\r\n    function transfer(address _to, uint256 _value) {\r\n        if (balanceOf[msg.sender] < _value) throw;           // Check if the sender has enough\r\n        if (balanceOf[_to] + _value < balanceOf[_to]) throw; // Check for overflows\r\n        balanceOf[msg.sender] -= _value;                     // Subtract from the sender\r\n        balanceOf[_to] += _value;                            // Add the same to the recipient\r\n        Transfer(msg.sender, _to, _value);        // Notify anyone listening that this transfer took place\r\n    }\r\n\r\n    /* Mint coins */\r\n    function mintToken(address target, uint256 mintedAmount) onlyOwner {\r\n        balanceOf[target] += mintedAmount;\r\n        totalSupply += mintedAmount;\r\n        Transfer(0, owner, mintedAmount);\r\n        Transfer(owner, target, mintedAmount);\r\n    }\r\n\r\n    function () {\r\n        //if ether is sent to this address, send it back.\r\n        throw;\r\n    }\r\n}","ABI":"[{\"constant\":true,\"inputs\":[],\"name\":\"name\",\"outputs\":[{\"name\":\"\",\"type\":\"string\"}],\"payable\":false,\"type\":\"function\"},{\"constant\":true,\"inputs\":[],\"name\":\"totalSupply\",\"outputs\":[{\"name\":\"\",\"type\":\"uint256\"}],\"payable\":false,\"type\":\"function\"},{\"constant\":true,\"inputs\":[],\"name\":\"decimals\",\"outputs\":[{\"name\":\"\",\"type\":\"uint8\"}],\"payable\":false,\"type\":\"function\"},{\"constant\":true,\"inputs\":[],\"name\":\"standard\",\"outputs\":[{\"name\":\"\",\"type\":\"string\"}],\"payable\":false,\"type\":\"function\"},{\"constant\":true,\"inputs\":[{\"name\":\"\",\"type\":\"address\"}],\"name\":\"balanceOf\",\"outputs\":[{\"name\":\"\",\"type\":\"uint256\"}],\"payable\":false,\"type\":\"function\"},{\"constant\":false,\"inputs\":[{\"name\":\"target\",\"type\":\"address\"},{\"name\":\"mintedAmount\",\"type\":\"uint256\"}],\"name\":\"mintToken\",\"outputs\":[],\"payable\":false,\"type\":\"function\"},{\"constant\":true,\"inputs\":[],\"name\":\"owner\",\"outputs\":[{\"name\":\"\",\"type\":\"address\"}],\"payable\":false,\"type\":\"function\"},{\"constant\":true,\"inputs\":[],\"name\":\"symbol\",\"outputs\":[{\"name\":\"\",\"type\":\"string\"}],\"payable\":false,\"type\":\"function\"},{\"constant\":false,\"inputs\":[{\"name\":\"_to\",\"type\":\"address\"},{\"name\":\"_value\",\"type\":\"uint256\"}],\"name\":\"transfer\",\"outputs\":[],\"payable\":false,\"type\":\"function\"},{\"constant\":false,\"inputs\":[{\"name\":\"newOwner\",\"type\":\"address\"}],\"name\":\"transferOwnership\",\"outputs\":[],\"payable\":false,\"type\":\"function\"},{\"inputs\":[],\"payable\":false,\"type\":\"constructor\"},{\"payable\":false,\"type\":\"fallback\"},{\"anonymous\":false,\"inputs\":[{\"indexed\":true,\"name\":\"from\",\"type\":\"address\"},{\"indexed\":true,\"name\":\"to\",\"type\":\"address\"},{\"indexed\":false,\"name\":\"value\",\"type\":\"uint256\"}],\"name\":\"Transfer\",\"type\":\"event\"}]","ContractName":"MyToken","CompilerVersion":"v0.4.7+commit.822622cf","OptimizationUsed":"0","Runs":"200","ConstructorArguments":"","Library":"","LicenseType":"","SwarmSource":"bzzr://2aad963328dfc017c4627452eaf1344203c93427e3d79615e04020a053478b0e"}
