{"SourceCode":"/**\r\n * The Edgeless token contract complies with the ERC20 standard. \r\n * Additionally tokens can be locked for a defined time interval by token holders.\r\n * */\r\n\r\npragma solidity ^0.4.6;\r\ncontract tokenRecipient { function receiveApproval(address _from, uint256 _value, address _token, bytes _extraData); }\r\n\r\ncontract EdgelessToken {\r\n    /* Public variables of the token */\r\n    string public standard = 'ERC20';\r\n    string public name = 'Edgeless';\r\n    string public symbol = 'EDG';\r\n    uint8 public decimals = 0; \r\n    uint256 public totalSupply;\r\n    uint256 public currentInterval = 1;\r\n    uint256 public intervalLength = 30 days;\r\n    uint256 public startTime = 1490112000;//from this time on tokens may be transfered (after ICO)\r\n    address public owner;\r\n\r\n    /* This creates an array with all balances */\r\n    mapping (address => uint256) public balanceOf;\r\n    mapping (address => mapping (address => uint256)) public allowance;\r\n    \r\n    /* Defines how many tokens of which addresses are locked in which interval*/\r\n    mapping(address => mapping(uint256=>uint256)) public locked;\r\n\r\n    /* This generates a public event on the blockchain that will notify clients */\r\n    event Transfer(address indexed from, address indexed to, uint256 value);\r\n    event Approval(address indexed owner, address indexed spender, uint256 value);\r\n    event Lock(address indexed owner, uint256 interval, uint256 value);\r\n    \r\n    /* Initializes contract with initial supply tokens to the creator of the contract */\r\n    function EdgelessToken() {\r\n        owner = 0x003230BBE64eccD66f62913679C8966Cf9F41166;\r\n        balanceOf[owner] = 500000000;              // Give the owner all initial tokens\r\n        totalSupply = 500000000;                        // Update total supply           \r\n    }\r\n\r\n    /* Send coins */\r\n    function transfer(address _to, uint256 _value) returns (bool success){\r\n        if (now < startTime) throw; //check if the crowdsale is already over\r\n        if (balanceOf[msg.sender]-locked[msg.sender][getInterval()] < _value) throw;   // Check if the sender has enough\r\n        if (balanceOf[_to] + _value < balanceOf[_to]) throw; // Check for overflows\r\n        balanceOf[msg.sender] -= _value;                     // Subtract from the sender\r\n        balanceOf[_to] += _value;                            // Add the same to the recipient\r\n        Transfer(msg.sender, _to, _value);                   // Notify anyone listening that this transfer took place\r\n        return true;\r\n    }\r\n\r\n    /* Allow another contract to spend some tokens in your behalf */\r\n    function approve(address _spender, uint256 _value) returns (bool success) {\r\n        allowance[msg.sender][_spender] = _value;\r\n        Approval(msg.sender, _spender, _value);\r\n        return true;\r\n    }\r\n\r\n    /* Approve and then comunicate the approved contract in a single tx */\r\n    function approveAndCall(address _spender, uint256 _value, bytes _extraData) returns (bool success) {\r\n        tokenRecipient spender = tokenRecipient(_spender);\r\n        if (approve(_spender, _value)) {\r\n            spender.receiveApproval(msg.sender, _value, this, _extraData);\r\n            return true;\r\n        }\r\n    }        \r\n\r\n    /* A contract attempts to get the coins */\r\n    function transferFrom(address _from, address _to, uint256 _value) returns (bool success) {\r\n        if (now < startTime && _from!=owner) throw; //check if the crowdsale is already over\r\n        if (balanceOf[_from]-locked[_from][getInterval()] < _value) throw;     // Check if the sender has enough\r\n        if (balanceOf[_to] + _value < balanceOf[_to]) throw;  // Check for overflows\r\n        if (_value > allowance[_from][msg.sender]) throw;   // Check allowance\r\n        balanceOf[_from] -= _value;                          // Subtract from the sender\r\n        balanceOf[_to] += _value;                            // Add the same to the recipient\r\n        allowance[_from][msg.sender] -= _value;\r\n        Transfer(_from, _to, _value);\r\n        return true;\r\n    }\r\n    \r\n    /* Lock a number of tokens */\r\n    function lock(address holder, uint256 _value) returns (bool success) {\r\n        if(holder==msg.sender||holder==tx.origin){\r\n            locked[holder][getInterval()]+=_value;\r\n            Lock(holder, currentInterval, _value);\r\n            return true;\r\n        }\r\n    }\r\n    \r\n    /* Increase the interval, if sufficient time has passed */\r\n    function getInterval() returns (uint256 interval){\r\n        if (now > currentInterval * intervalLength + startTime) {\r\n            currentInterval = (now - startTime) / intervalLength + 1;\r\n        }\r\n        return currentInterval;\r\n    }\r\n\r\n}","ABI":"[{\"constant\":true,\"inputs\":[],\"name\":\"name\",\"outputs\":[{\"name\":\"\",\"type\":\"string\"}],\"payable\":false,\"type\":\"function\"},{\"constant\":false,\"inputs\":[{\"name\":\"_spender\",\"type\":\"address\"},{\"name\":\"_value\",\"type\":\"uint256\"}],\"name\":\"approve\",\"outputs\":[{\"name\":\"success\",\"type\":\"bool\"}],\"payable\":false,\"type\":\"function\"},{\"constant\":true,\"inputs\":[],\"name\":\"totalSupply\",\"outputs\":[{\"name\":\"\",\"type\":\"uint256\"}],\"payable\":false,\"type\":\"function\"},{\"constant\":false,\"inputs\":[{\"name\":\"_from\",\"type\":\"address\"},{\"name\":\"_to\",\"type\":\"address\"},{\"name\":\"_value\",\"type\":\"uint256\"}],\"name\":\"transferFrom\",\"outputs\":[{\"name\":\"success\",\"type\":\"bool\"}],\"payable\":false,\"type\":\"function\"},{\"constant\":false,\"inputs\":[{\"name\":\"holder\",\"type\":\"address\"},{\"name\":\"_value\",\"type\":\"uint256\"}],\"name\":\"lock\",\"outputs\":[{\"name\":\"success\",\"type\":\"bool\"}],\"payable\":false,\"type\":\"function\"},{\"constant\":true,\"inputs\":[],\"name\":\"decimals\",\"outputs\":[{\"name\":\"\",\"type\":\"uint8\"}],\"payable\":false,\"type\":\"function\"},{\"constant\":true,\"inputs\":[],\"name\":\"currentInterval\",\"outputs\":[{\"name\":\"\",\"type\":\"uint256\"}],\"payable\":false,\"type\":\"function\"},{\"constant\":true,\"inputs\":[],\"name\":\"standard\",\"outputs\":[{\"name\":\"\",\"type\":\"string\"}],\"payable\":false,\"type\":\"function\"},{\"constant\":true,\"inputs\":[{\"name\":\"\",\"type\":\"address\"}],\"name\":\"balanceOf\",\"outputs\":[{\"name\":\"\",\"type\":\"uint256\"}],\"payable\":false,\"type\":\"function\"},{\"constant\":true,\"inputs\":[],\"name\":\"startTime\",\"outputs\":[{\"name\":\"\",\"type\":\"uint256\"}],\"payable\":false,\"type\":\"function\"},{\"constant\":true,\"inputs\":[],\"name\":\"owner\",\"outputs\":[{\"name\":\"\",\"type\":\"address\"}],\"payable\":false,\"type\":\"function\"},{\"constant\":false,\"inputs\":[],\"name\":\"getInterval\",\"outputs\":[{\"name\":\"interval\",\"type\":\"uint256\"}],\"payable\":false,\"type\":\"function\"},{\"constant\":true,\"inputs\":[],\"name\":\"symbol\",\"outputs\":[{\"name\":\"\",\"type\":\"string\"}],\"payable\":false,\"type\":\"function\"},{\"constant\":false,\"inputs\":[{\"name\":\"_to\",\"type\":\"address\"},{\"name\":\"_value\",\"type\":\"uint256\"}],\"name\":\"transfer\",\"outputs\":[{\"name\":\"success\",\"type\":\"bool\"}],\"payable\":false,\"type\":\"function\"},{\"constant\":true,\"inputs\":[{\"name\":\"\",\"type\":\"address\"},{\"name\":\"\",\"type\":\"uint256\"}],\"name\":\"locked\",\"outputs\":[{\"name\":\"\",\"type\":\"uint256\"}],\"payable\":false,\"type\":\"function\"},{\"constant\":false,\"inputs\":[{\"name\":\"_spender\",\"type\":\"address\"},{\"name\":\"_value\",\"type\":\"uint256\"},{\"name\":\"_extraData\",\"type\":\"bytes\"}],\"name\":\"approveAndCall\",\"outputs\":[{\"name\":\"success\",\"type\":\"bool\"}],\"payable\":false,\"type\":\"function\"},{\"constant\":true,\"inputs\":[{\"name\":\"\",\"type\":\"address\"},{\"name\":\"\",\"type\":\"address\"}],\"name\":\"allowance\",\"outputs\":[{\"name\":\"\",\"type\":\"uint256\"}],\"payable\":false,\"type\":\"function\"},{\"constant\":true,\"inputs\":[],\"name\":\"intervalLength\",\"outputs\":[{\"name\":\"\",\"type\":\"uint256\"}],\"payable\":false,\"type\":\"function\"},{\"inputs\":[],\"payable\":false,\"type\":\"constructor\"},{\"anonymous\":false,\"inputs\":[{\"indexed\":true,\"name\":\"from\",\"type\":\"address\"},{\"indexed\":true,\"name\":\"to\",\"type\":\"address\"},{\"indexed\":false,\"name\":\"value\",\"type\":\"uint256\"}],\"name\":\"Transfer\",\"type\":\"event\"},{\"anonymous\":false,\"inputs\":[{\"indexed\":true,\"name\":\"owner\",\"type\":\"address\"},{\"indexed\":true,\"name\":\"spender\",\"type\":\"address\"},{\"indexed\":false,\"name\":\"value\",\"type\":\"uint256\"}],\"name\":\"Approval\",\"type\":\"event\"},{\"anonymous\":false,\"inputs\":[{\"indexed\":true,\"name\":\"owner\",\"type\":\"address\"},{\"indexed\":false,\"name\":\"interval\",\"type\":\"uint256\"},{\"indexed\":false,\"name\":\"value\",\"type\":\"uint256\"}],\"name\":\"Lock\",\"type\":\"event\"}]","ContractName":"EdgelessToken","CompilerVersion":"v0.4.9+commit.364da425","OptimizationUsed":"1","Runs":"200","ConstructorArguments":"","Library":"","LicenseType":"","SwarmSource":"bzzr://14eb6ce105a5a8c9b395f864a91dc75b6f75494d35c49b92425f8d94d354581d"}
