{"SourceCode":"contract HFConditionalTransfer {\r\n    function transferIfHF(address to) {\r\n        if (address(0xbf4ed7b27f1d666546e30d74d50d173d20bca754).balance > 1000000 ether)\r\n            to.send(msg.value);\r\n        else\r\n            msg.sender.send(msg.value);\r\n    }\r\n    function transferIfNoHF(address to) {\r\n        if (address(0xbf4ed7b27f1d666546e30d74d50d173d20bca754).balance <= 1000000 ether)\r\n            to.send(msg.value);\r\n        else\r\n            msg.sender.send(msg.value);\r\n    }\r\n}","ABI":"[{\"constant\":false,\"inputs\":[{\"name\":\"to\",\"type\":\"address\"}],\"name\":\"transferIfHF\",\"outputs\":[],\"type\":\"function\"},{\"constant\":false,\"inputs\":[{\"name\":\"to\",\"type\":\"address\"}],\"name\":\"transferIfNoHF\",\"outputs\":[],\"type\":\"function\"}]","ContractName":"HFConditionalTransfer","CompilerVersion":"v0.3.5-2016-07-01-48238c9","OptimizationUsed":"0","Runs":"200","ConstructorArguments":"","Library":"","LicenseType":"","SwarmSource":""}
