{"SourceCode":"contract MultiAsset {\r\n    function owner(bytes32 _symbol) constant returns(address);\r\n    function isCreated(bytes32 _symbol) constant returns(bool);\r\n    function totalSupply(bytes32 _symbol) constant returns(uint);\r\n    function balanceOf(address _holder, bytes32 _symbol) constant returns(uint);\r\n    function transfer(address _to, uint _value, bytes32 _symbol) returns(bool);\r\n    function proxyTransferWithReference(address _to, uint _value, bytes32 _symbol, string _reference) returns(bool);\r\n    function proxyTransferToICAPWithReference(bytes32 _icap, uint _value, string _reference) returns(bool);\r\n    function proxyApprove(address _spender, uint _value, bytes32 _symbol) returns(bool);\r\n    function allowance(address _from, address _spender, bytes32 _symbol) constant returns(uint);\r\n    function proxyTransferFromWithReference(address _from, address _to, uint _value, bytes32 _symbol, string _reference) returns(bool);\r\n    function proxyTransferFromToICAPWithReference(address _from, bytes32 _icap, uint _value, string _reference) returns(bool);\r\n    function proxySetCosignerAddress(address _address, bytes32 _symbol) returns(bool);\r\n}\r\n\r\ncontract OpenDollar {\r\n    event Transfer(address indexed from, address indexed to, uint value);\r\n    event Approve(address indexed from, address indexed spender, uint value);\r\n\r\n    MultiAsset public multiAsset;\r\n    bytes32 public symbol;\r\n\r\n    function init(address _multiAsset, bytes32 _symbol) returns(bool) {\r\n        MultiAsset ma = MultiAsset(_multiAsset);\r\n        if (address(multiAsset) != 0x0 || !ma.isCreated(_symbol)) {\r\n            return false;\r\n        }\r\n        multiAsset = ma;\r\n        symbol = _symbol;\r\n        return true;\r\n    }\r\n\r\n    modifier onlyMultiAsset() {\r\n        if (msg.sender == address(multiAsset)) {\r\n            _\r\n        }\r\n    }\r\n\r\n    function totalSupply() constant returns(uint) {\r\n        return multiAsset.totalSupply(symbol);\r\n    }\r\n\r\n    function balanceOf(address _owner) constant returns(uint) {\r\n        return multiAsset.balanceOf(_owner, symbol);\r\n    }\r\n\r\n    function allowance(address _from, address _spender) constant returns(uint) {\r\n        return multiAsset.allowance(_from, _spender, symbol);\r\n    }\r\n\r\n    function transfer(address _to, uint _value) returns(bool) {\r\n        return transferWithReference(_to, _value, \"\");\r\n    }\r\n\r\n    function transferWithReference(address _to, uint _value, string _reference) returns(bool) {\r\n        if (!multiAsset.proxyTransferWithReference(_to, _value, symbol, _reference)) {\r\n            return false;\r\n        }\r\n        return true;\r\n    }\r\n\r\n    function transferToICAP(bytes32 _icap, uint _value) returns(bool) {\r\n        return transferToICAPWithReference(_icap, _value, \"\");\r\n    }\r\n\r\n    function transferToICAPWithReference(bytes32 _icap, uint _value, string _reference) returns(bool) {\r\n        if (!multiAsset.proxyTransferToICAPWithReference(_icap, _value, _reference)) {\r\n            return false;\r\n        }\r\n        return true;\r\n    }\r\n    \r\n    function transferFrom(address _from, address _to, uint _value) returns(bool) {\r\n        return transferFromWithReference(_from, _to, _value, \"\");\r\n    }\r\n\r\n    function transferFromWithReference(address _from, address _to, uint _value, string _reference) returns(bool) {\r\n        if (!multiAsset.proxyTransferFromWithReference(_from, _to, _value, symbol, _reference)) {\r\n            return false;\r\n        }\r\n        return true;\r\n    }\r\n\r\n    function transferFromToICAP(address _from, bytes32 _icap, uint _value) returns(bool) {\r\n        return transferFromToICAPWithReference(_from, _icap, _value, \"\");\r\n    }\r\n\r\n    function transferFromToICAPWithReference(address _from, bytes32 _icap, uint _value, string _reference) returns(bool) {\r\n        if (!multiAsset.proxyTransferFromToICAPWithReference(_from, _icap, _value, _reference)) {\r\n            return false;\r\n        }\r\n        return true;\r\n    }\r\n\r\n    function approve(address _spender, uint _value) returns(bool) {\r\n        if (!multiAsset.proxyApprove(_spender, _value, symbol)) {\r\n            return false;\r\n        }\r\n        return true;\r\n    }\r\n\r\n    function setCosignerAddress(address _cosigner) returns(bool) {\r\n        if (!multiAsset.proxySetCosignerAddress(_cosigner, symbol)) {\r\n            return false;\r\n        }\r\n        return true;\r\n    }\r\n\r\n    function emitTransfer(address _from, address _to, uint _value) onlyMultiAsset() {\r\n        Transfer(_from, _to, _value);\r\n    }\r\n\r\n    function emitApprove(address _from, address _spender, uint _value) onlyMultiAsset() {\r\n        Approve(_from, _spender, _value);\r\n    }\r\n\r\n    function sendToOwner() returns(bool) {\r\n        return multiAsset.transfer(multiAsset.owner(symbol), balanceOf(address(this)), symbol);\r\n    }\r\n}","ABI":"[{\"constant\":true,\"inputs\":[],\"name\":\"multiAsset\",\"outputs\":[{\"name\":\"\",\"type\":\"address\"}],\"type\":\"function\"},{\"constant\":false,\"inputs\":[{\"name\":\"_spender\",\"type\":\"address\"},{\"name\":\"_value\",\"type\":\"uint256\"}],\"name\":\"approve\",\"outputs\":[{\"name\":\"\",\"type\":\"bool\"}],\"type\":\"function\"},{\"constant\":true,\"inputs\":[],\"name\":\"totalSupply\",\"outputs\":[{\"name\":\"\",\"type\":\"uint256\"}],\"type\":\"function\"},{\"constant\":false,\"inputs\":[{\"name\":\"_from\",\"type\":\"address\"},{\"name\":\"_spender\",\"type\":\"address\"},{\"name\":\"_value\",\"type\":\"uint256\"}],\"name\":\"emitApprove\",\"outputs\":[],\"type\":\"function\"},{\"constant\":false,\"inputs\":[{\"name\":\"_from\",\"type\":\"address\"},{\"name\":\"_to\",\"type\":\"address\"},{\"name\":\"_value\",\"type\":\"uint256\"}],\"name\":\"transferFrom\",\"outputs\":[{\"name\":\"\",\"type\":\"bool\"}],\"type\":\"function\"},{\"constant\":false,\"inputs\":[{\"name\":\"_from\",\"type\":\"address\"},{\"name\":\"_to\",\"type\":\"address\"},{\"name\":\"_value\",\"type\":\"uint256\"}],\"name\":\"emitTransfer\",\"outputs\":[],\"type\":\"function\"},{\"constant\":false,\"inputs\":[{\"name\":\"_multiAsset\",\"type\":\"address\"},{\"name\":\"_symbol\",\"type\":\"bytes32\"}],\"name\":\"init\",\"outputs\":[{\"name\":\"\",\"type\":\"bool\"}],\"type\":\"function\"},{\"constant\":false,\"inputs\":[{\"name\":\"_from\",\"type\":\"address\"},{\"name\":\"_to\",\"type\":\"address\"},{\"name\":\"_value\",\"type\":\"uint256\"},{\"name\":\"_reference\",\"type\":\"string\"}],\"name\":\"transferFromWithReference\",\"outputs\":[{\"name\":\"\",\"type\":\"bool\"}],\"type\":\"function\"},{\"constant\":false,\"inputs\":[],\"name\":\"sendToOwner\",\"outputs\":[{\"name\":\"\",\"type\":\"bool\"}],\"type\":\"function\"},{\"constant\":true,\"inputs\":[{\"name\":\"_owner\",\"type\":\"address\"}],\"name\":\"balanceOf\",\"outputs\":[{\"name\":\"\",\"type\":\"uint256\"}],\"type\":\"function\"},{\"constant\":false,\"inputs\":[{\"name\":\"_icap\",\"type\":\"bytes32\"},{\"name\":\"_value\",\"type\":\"uint256\"}],\"name\":\"transferToICAP\",\"outputs\":[{\"name\":\"\",\"type\":\"bool\"}],\"type\":\"function\"},{\"constant\":false,\"inputs\":[{\"name\":\"_icap\",\"type\":\"bytes32\"},{\"name\":\"_value\",\"type\":\"uint256\"},{\"name\":\"_reference\",\"type\":\"string\"}],\"name\":\"transferToICAPWithReference\",\"outputs\":[{\"name\":\"\",\"type\":\"bool\"}],\"type\":\"function\"},{\"constant\":false,\"inputs\":[{\"name\":\"_cosigner\",\"type\":\"address\"}],\"name\":\"setCosignerAddress\",\"outputs\":[{\"name\":\"\",\"type\":\"bool\"}],\"type\":\"function\"},{\"constant\":true,\"inputs\":[],\"name\":\"symbol\",\"outputs\":[{\"name\":\"\",\"type\":\"bytes32\"}],\"type\":\"function\"},{\"constant\":false,\"inputs\":[{\"name\":\"_from\",\"type\":\"address\"},{\"name\":\"_icap\",\"type\":\"bytes32\"},{\"name\":\"_value\",\"type\":\"uint256\"},{\"name\":\"_reference\",\"type\":\"string\"}],\"name\":\"transferFromToICAPWithReference\",\"outputs\":[{\"name\":\"\",\"type\":\"bool\"}],\"type\":\"function\"},{\"constant\":false,\"inputs\":[{\"name\":\"_from\",\"type\":\"address\"},{\"name\":\"_icap\",\"type\":\"bytes32\"},{\"name\":\"_value\",\"type\":\"uint256\"}],\"name\":\"transferFromToICAP\",\"outputs\":[{\"name\":\"\",\"type\":\"bool\"}],\"type\":\"function\"},{\"constant\":false,\"inputs\":[{\"name\":\"_to\",\"type\":\"address\"},{\"name\":\"_value\",\"type\":\"uint256\"}],\"name\":\"transfer\",\"outputs\":[{\"name\":\"\",\"type\":\"bool\"}],\"type\":\"function\"},{\"constant\":false,\"inputs\":[{\"name\":\"_to\",\"type\":\"address\"},{\"name\":\"_value\",\"type\":\"uint256\"},{\"name\":\"_reference\",\"type\":\"string\"}],\"name\":\"transferWithReference\",\"outputs\":[{\"name\":\"\",\"type\":\"bool\"}],\"type\":\"function\"},{\"constant\":true,\"inputs\":[{\"name\":\"_from\",\"type\":\"address\"},{\"name\":\"_spender\",\"type\":\"address\"}],\"name\":\"allowance\",\"outputs\":[{\"name\":\"\",\"type\":\"uint256\"}],\"type\":\"function\"},{\"anonymous\":false,\"inputs\":[{\"indexed\":true,\"name\":\"from\",\"type\":\"address\"},{\"indexed\":true,\"name\":\"to\",\"type\":\"address\"},{\"indexed\":false,\"name\":\"value\",\"type\":\"uint256\"}],\"name\":\"Transfer\",\"type\":\"event\"},{\"anonymous\":false,\"inputs\":[{\"indexed\":true,\"name\":\"from\",\"type\":\"address\"},{\"indexed\":true,\"name\":\"spender\",\"type\":\"address\"},{\"indexed\":false,\"name\":\"value\",\"type\":\"uint256\"}],\"name\":\"Approve\",\"type\":\"event\"}]","ContractName":"OpenDollar","CompilerVersion":"v0.3.2-2016-05-24-86c65c9","OptimizationUsed":"1","Runs":"200","ConstructorArguments":"","Library":"","LicenseType":"","SwarmSource":""}
