{"SourceCode":"contract AddressReg{\r\n\r\n    address public owner;\r\n\r\n    function setOwner(address _owner){\r\n        if(msg.sender==owner)\r\n            owner = _owner;\r\n    }\r\n\r\n    function AddressReg(){\r\n        owner = msg.sender;\r\n    }\r\n\r\n    mapping (address=>bool) isVerifiedMap;\r\n\r\n    function verify(address addr){\r\n        if(msg.sender==owner)\r\n            isVerifiedMap[addr] = true;\r\n    }\r\n\r\n    function deverify(address addr){\r\n        if(msg.sender==owner)\r\n            isVerifiedMap[addr] = false;\r\n    }\r\n\r\n    function hasPhysicalAddress(address addr) constant returns(bool){\r\n        return isVerifiedMap[addr];\r\n    }\r\n\r\n}","ABI":"[{\"constant\":false,\"inputs\":[{\"name\":\"addr\",\"type\":\"address\"}],\"name\":\"deverify\",\"outputs\":[],\"type\":\"function\"},{\"constant\":false,\"inputs\":[{\"name\":\"_owner\",\"type\":\"address\"}],\"name\":\"setOwner\",\"outputs\":[],\"type\":\"function\"},{\"constant\":false,\"inputs\":[{\"name\":\"addr\",\"type\":\"address\"}],\"name\":\"verify\",\"outputs\":[],\"type\":\"function\"},{\"constant\":true,\"inputs\":[],\"name\":\"owner\",\"outputs\":[{\"name\":\"\",\"type\":\"address\"}],\"type\":\"function\"},{\"constant\":true,\"inputs\":[{\"name\":\"addr\",\"type\":\"address\"}],\"name\":\"hasPhysicalAddress\",\"outputs\":[{\"name\":\"\",\"type\":\"bool\"}],\"type\":\"function\"},{\"inputs\":[],\"type\":\"constructor\"}]","ContractName":"AddressReg","CompilerVersion":"v0.3.0-2016-03-30-c2cf806","OptimizationUsed":"1","Runs":"200","ConstructorArguments":"","Library":"","LicenseType":"","SwarmSource":""}
