{"SourceCode":"contract RipplePayExample {\r\n\r\nmapping(address => mapping(address => uint)) TrustSettings; // store trustLines for a given address\r\n\r\nfunction updateTrustSettings(address _peer, uint newTrustLimit) {\r\nTrustSettings[msg.sender][_peer] = newTrustLimit;\r\n}\r\n\r\nfunction getTrustSetting(address _peer) returns(uint) {\r\nreturn TrustSettings[msg.sender][_peer];\r\n}\r\n}","ABI":"[{\"constant\":false,\"inputs\":[{\"name\":\"_peer\",\"type\":\"address\"}],\"name\":\"getTrustSetting\",\"outputs\":[{\"name\":\"\",\"type\":\"uint256\"}],\"type\":\"function\"},{\"constant\":false,\"inputs\":[{\"name\":\"_peer\",\"type\":\"address\"},{\"name\":\"newTrustLimit\",\"type\":\"uint256\"}],\"name\":\"updateTrustSettings\",\"outputs\":[],\"type\":\"function\"}]","ContractName":"RipplePayExample","CompilerVersion":"v0.3.1-2016-04-12-3ad5e82","OptimizationUsed":"1","Runs":"200","ConstructorArguments":"","Library":"","LicenseType":"","SwarmSource":""}
