{"SourceCode":"contract EthOne {\r\n \r\n    uint treeBalance;\r\n    uint numInvestorsMinusOne;\r\n    uint treeDepth;\r\n    address[] myTree;\r\n \r\n    function EthOne() {\r\n        treeBalance = 0;\r\n        myTree.length = 6;\r\n        myTree[0] = msg.sender;\r\n        numInvestorsMinusOne = 0;\r\n    }\r\n   \r\n        function getNumInvestors() constant returns (uint a){\r\n                a = numInvestorsMinusOne+1;\r\n        }\r\n   \r\n        function() {\r\n        uint amount = msg.value;\r\n        if (amount>=1000000000000000000){\r\n            numInvestorsMinusOne+=1;\r\n            myTree[numInvestorsMinusOne]=msg.sender;\r\n            amount-=1000000000000000000;\r\n            treeBalance+=1000000000000000000;\r\n            if (numInvestorsMinusOne<=2){\r\n                myTree[0].send(treeBalance);\r\n                treeBalance=0;\r\n                treeDepth=1;\r\n            }\r\n            else if (numInvestorsMinusOne+1==myTree.length){\r\n                    for(uint i=myTree.length-3*(treeDepth+1);i<myTree.length-treeDepth-2;i++){\r\n                        myTree[i].send(500000000000000000);\r\n                        treeBalance-=500000000000000000;\r\n                    }\r\n                    uint eachLevelGets = treeBalance/(treeDepth+1)-1;\r\n                    uint numInLevel = 1;\r\n                    for(i=0;i<myTree.length-treeDepth-2;i++){\r\n                        myTree[i].send(eachLevelGets/numInLevel-1);\r\n                        treeBalance -= eachLevelGets/numInLevel-1;\r\n                        if (numInLevel*(numInLevel+1)/2 -1== i){\r\n                            numInLevel+=1;\r\n                        }\r\n                    }\r\n                    myTree.length+=treeDepth+3;\r\n                    treeDepth+=1;\r\n            }\r\n        }\r\n                treeBalance+=amount;\r\n    }\r\n}","ABI":"[{\"constant\":true,\"inputs\":[],\"name\":\"getNumInvestors\",\"outputs\":[{\"name\":\"a\",\"type\":\"uint256\"}],\"type\":\"function\"},{\"inputs\":[],\"type\":\"constructor\"}]","ContractName":"EthOne","CompilerVersion":"v0.3.1+commit.c492d9b","OptimizationUsed":"1","Runs":"200","ConstructorArguments":"","Library":"","LicenseType":"","SwarmSource":""}
