{"SourceCode":"pragma solidity ^0.4.2;\r\n\r\n\r\n/* define 'owned' */\r\ncontract owned {\r\n    address public owner;\r\n\r\n    function owned() {\r\n        owner = msg.sender;\r\n    }\r\n\r\n    modifier onlyOwner {\r\n        if (msg.sender != owner) throw;\r\n        _;\r\n    }\r\n\r\n    function transferOwnership(address newOwner) onlyOwner {\r\n        owner = newOwner;\r\n    }\r\n}\r\n\r\ncontract StableBalance is owned {\r\n \r\n    event Transfer(address indexed _from, address indexed _to, uint256 _value);\r\n    event Tx(address _to, uint256 _value,string _txt);\r\n    \r\n    mapping (address => uint256) balances;\r\n    \r\n    function transfer(address _to, uint256 _value) returns (bool success) { return false; throw;}\r\n    \r\n    function balanceOf(address _owner) constant returns (uint256 balance) {\r\n        return balances[_owner];\r\n    }\r\n    \r\n    function addTx(address _to, uint256 _value,string _txt) onlyOwner {\r\n        balances[_to]+=_value;\r\n        Tx(_to,_value,_txt);\r\n    }\r\n    \r\n}\r\ncontract StableBalancer is owned {\r\n \r\n    event Transfer(address indexed _from, address indexed _to, uint256 _value);\r\n    event Tx(address _from,address _to, uint256 _value,string _txt);\r\n    \r\n    mapping (address => uint256) balancesHaben;\r\n    mapping (address => uint256) balancesSoll;\r\n    \r\n    function transfer(address _to, uint256 _value) returns (bool success) { return false; throw;}\r\n    \r\n    function balanceHaben(address _owner) constant returns (uint256 balance) {\r\n        return balancesHaben[_owner];\r\n    }\r\n    \r\n    function balanceSoll(address _owner) constant returns (uint256 balance) {\r\n        return balancesSoll[_owner];\r\n    }\r\n    \r\n    function addTx(address _from,address _to, uint256 _value,string _txt) onlyOwner {\r\n        balancesSoll[_from]+=_value;\r\n        balancesHaben[_to]+=_value;\r\n        Tx(_from,_to,_value,_txt);\r\n    }\r\n    \r\n}\r\n\r\ncontract StableStore {\r\n    \r\n    mapping (address => string) public store;\r\n    \r\n    function setValue(string _value) {\r\n        store[msg.sender]=_value;\r\n    }\r\n}\r\n\r\ncontract StableAddressStore {\r\n    mapping (address => mapping(address=>string)) public store;\r\n    \r\n    function setValue(address key,string _value) {\r\n        store[msg.sender][key]=_value;\r\n    }\r\n}\r\n\r\ncontract StableTxStore {\r\n    mapping (address => mapping(address=>tx)) public store;\r\n    \r\n    struct tx {\r\n        uint256 amount;\r\n        uint256 repeatMinutes;\r\n        uint256 repeatTimes;\r\n    }\r\n    \r\n    function setValue(address key,uint256 amount,uint256 repeatMinutes,uint256 repeatTimes) {\r\n        store[msg.sender][key]=tx(amount,repeatMinutes,repeatTimes);\r\n    }\r\n}","ABI":"[{\"constant\":false,\"inputs\":[{\"name\":\"_from\",\"type\":\"address\"},{\"name\":\"_to\",\"type\":\"address\"},{\"name\":\"_value\",\"type\":\"uint256\"},{\"name\":\"_txt\",\"type\":\"string\"}],\"name\":\"addTx\",\"outputs\":[],\"payable\":false,\"type\":\"function\"},{\"constant\":true,\"inputs\":[],\"name\":\"owner\",\"outputs\":[{\"name\":\"\",\"type\":\"address\"}],\"payable\":false,\"type\":\"function\"},{\"constant\":false,\"inputs\":[{\"name\":\"_to\",\"type\":\"address\"},{\"name\":\"_value\",\"type\":\"uint256\"}],\"name\":\"transfer\",\"outputs\":[{\"name\":\"success\",\"type\":\"bool\"}],\"payable\":false,\"type\":\"function\"},{\"constant\":true,\"inputs\":[{\"name\":\"_owner\",\"type\":\"address\"}],\"name\":\"balanceHaben\",\"outputs\":[{\"name\":\"balance\",\"type\":\"uint256\"}],\"payable\":false,\"type\":\"function\"},{\"constant\":true,\"inputs\":[{\"name\":\"_owner\",\"type\":\"address\"}],\"name\":\"balanceSoll\",\"outputs\":[{\"name\":\"balance\",\"type\":\"uint256\"}],\"payable\":false,\"type\":\"function\"},{\"constant\":false,\"inputs\":[{\"name\":\"newOwner\",\"type\":\"address\"}],\"name\":\"transferOwnership\",\"outputs\":[],\"payable\":false,\"type\":\"function\"},{\"anonymous\":false,\"inputs\":[{\"indexed\":true,\"name\":\"_from\",\"type\":\"address\"},{\"indexed\":true,\"name\":\"_to\",\"type\":\"address\"},{\"indexed\":false,\"name\":\"_value\",\"type\":\"uint256\"}],\"name\":\"Transfer\",\"type\":\"event\"},{\"anonymous\":false,\"inputs\":[{\"indexed\":false,\"name\":\"_from\",\"type\":\"address\"},{\"indexed\":false,\"name\":\"_to\",\"type\":\"address\"},{\"indexed\":false,\"name\":\"_value\",\"type\":\"uint256\"},{\"indexed\":false,\"name\":\"_txt\",\"type\":\"string\"}],\"name\":\"Tx\",\"type\":\"event\"}]","ContractName":"StableBalancer","CompilerVersion":"v0.4.7+commit.822622cf","OptimizationUsed":"0","Runs":"200","ConstructorArguments":"","Library":"","LicenseType":"","SwarmSource":"bzzr://cee11ba64f9d266ea20d9ea84e89ea823232d0c8271df514ec7a0fe6972bd27b"}
