{"SourceCode":"pragma solidity ^0.4.0;\r\n\r\ncontract HelloWorld {\r\n    \r\n    function greeter (bytes32 input) returns (bytes32 output) {\r\n        return input;\r\n    }\r\n\r\n}","ABI":"[{\"constant\":false,\"inputs\":[{\"name\":\"input\",\"type\":\"bytes32\"}],\"name\":\"greeter\",\"outputs\":[{\"name\":\"output\",\"type\":\"bytes32\"}],\"payable\":false,\"type\":\"function\"}]","ContractName":"HelloWorld","CompilerVersion":"v0.4.8+commit.60cc1668","OptimizationUsed":"1","Runs":"200","ConstructorArguments":"","Library":"","LicenseType":"","SwarmSource":"bzzr://b7f8680301e5d4dc1d060c96c94011d4e0de45a620f4e39a89397c06b97c4d8b"}
