{"SourceCode":"contract BCFSafe {\r\n    /* Time Deposit and Return Funds */\r\n    address owner;\r\n    uint lockTime;\r\n    function TimeDeposit() {\r\n owner = msg.sender;\r\n lockTime = now + 30 minutes;\r\n    }\r\n    function returnMyMoney(uint amount){\r\n        if (msg.sender==owner && now > lockTime) {\r\n            owner.send(amount);\r\n        }\r\n    }\r\n}","ABI":"[{\"constant\":false,\"inputs\":[],\"name\":\"TimeDeposit\",\"outputs\":[],\"type\":\"function\"},{\"constant\":false,\"inputs\":[{\"name\":\"amount\",\"type\":\"uint256\"}],\"name\":\"returnMyMoney\",\"outputs\":[],\"type\":\"function\"}]","ContractName":"BCFSafe","CompilerVersion":"v0.3.2-2016-05-13-4b445b8","OptimizationUsed":"1","Runs":"200","ConstructorArguments":"","Library":"","LicenseType":"","SwarmSource":""}
