{"SourceCode":"contract AssetStorage {\r\n    function addTrustedIssuer(address addr, string name);\r\n    function removeTrustedIssuer(address addr, string name);\r\n    function assertFact(uint id, string fact);\r\n}\r\n\r\ncontract KittenRegistry is AssetStorage {\r\n   address owner;\r\n   modifier onlyowner { if(msg.sender == owner) _ } \r\n\r\n   struct KittenAuthority {\r\n       string name;\r\n       bool trusted;\r\n       uint timestamp;\r\n   }\r\n   struct KittenFact {\r\n       address issuer;\r\n       bool trusted;\r\n       string fact;\r\n       uint timestamp;\r\n   }\r\n\r\n   mapping(address => KittenAuthority) authorities;\r\n   mapping(uint => KittenFact[]) facts;\r\n   mapping(uint => uint) factCounts; \r\n   uint totalKittens;\r\n\r\n   function KittenRegistry() {\r\n       owner = msg.sender;\r\n   }\r\n   function addTrustedIssuer(address addr, string name) onlyowner {\r\n       authorities[addr] = KittenAuthority({ name: name, timestamp: now, trusted: true });\r\n   }\r\n   function removeTrustedIssuer(address addr, string name) onlyowner {\r\n       delete authorities[addr];\r\n   }\r\n   function assertFact(uint id /* kittenId */, string fact) {\r\n       if(facts[id].length == 0) {\r\n           totalKittens++;\r\n       }\r\n       factCounts[id] = facts[id].push(KittenFact({\r\n           issuer: msg.sender, \r\n           trusted: authorities[msg.sender].trusted,\r\n           timestamp: now,\r\n           fact: fact\r\n       }));\r\n   }\r\n}","ABI":"[{\"constant\":false,\"inputs\":[{\"name\":\"addr\",\"type\":\"address\"},{\"name\":\"name\",\"type\":\"string\"}],\"name\":\"addTrustedIssuer\",\"outputs\":[],\"type\":\"function\"},{\"constant\":false,\"inputs\":[{\"name\":\"addr\",\"type\":\"address\"},{\"name\":\"name\",\"type\":\"string\"}],\"name\":\"removeTrustedIssuer\",\"outputs\":[],\"type\":\"function\"},{\"constant\":false,\"inputs\":[{\"name\":\"id\",\"type\":\"uint256\"},{\"name\":\"fact\",\"type\":\"string\"}],\"name\":\"assertFact\",\"outputs\":[],\"type\":\"function\"},{\"inputs\":[],\"type\":\"constructor\"}]","ContractName":"KittenRegistry","CompilerVersion":"v0.2.2-2016-03-02-32f3a65","OptimizationUsed":"1","Runs":"200","ConstructorArguments":"","Library":"","LicenseType":"","SwarmSource":""}
