{"SourceCode":"pragma solidity ^0.4.8;\r\n\r\ncontract UportRegistry{\r\n  uint public version;\r\n  address public previousPublishedVersion;\r\n  mapping(bytes32 => mapping(address => mapping(address => bytes32))) public registry;\r\n\r\n  function UportRegistry(address _previousPublishedVersion) {\r\n    version = 2;\r\n    previousPublishedVersion = _previousPublishedVersion;\r\n  }\r\n\r\n  event Set(\r\n    bytes32 indexed registrationIdentifier,\r\n    address indexed attestor,\r\n    address indexed attestee);\r\n\r\n  //create or update\r\n  function set(bytes32 registrationIdentifier, address attestee, bytes32 value){\r\n      Set(registrationIdentifier, msg.sender, attestee);\r\n      registry[registrationIdentifier][msg.sender][attestee] = value;\r\n  }\r\n\r\n  function get(bytes32 registrationIdentifier, address attestor, address attestee) returns(bytes32){\r\n      return registry[registrationIdentifier][attestor][attestee];\r\n  }\r\n}","ABI":"[{\"constant\":false,\"inputs\":[{\"name\":\"registrationIdentifier\",\"type\":\"bytes32\"},{\"name\":\"attestor\",\"type\":\"address\"},{\"name\":\"attestee\",\"type\":\"address\"}],\"name\":\"get\",\"outputs\":[{\"name\":\"\",\"type\":\"bytes32\"}],\"payable\":false,\"type\":\"function\"},{\"constant\":true,\"inputs\":[],\"name\":\"version\",\"outputs\":[{\"name\":\"\",\"type\":\"uint256\"}],\"payable\":false,\"type\":\"function\"},{\"constant\":true,\"inputs\":[],\"name\":\"previousPublishedVersion\",\"outputs\":[{\"name\":\"\",\"type\":\"address\"}],\"payable\":false,\"type\":\"function\"},{\"constant\":true,\"inputs\":[{\"name\":\"\",\"type\":\"bytes32\"},{\"name\":\"\",\"type\":\"address\"},{\"name\":\"\",\"type\":\"address\"}],\"name\":\"registry\",\"outputs\":[{\"name\":\"\",\"type\":\"bytes32\"}],\"payable\":false,\"type\":\"function\"},{\"constant\":false,\"inputs\":[{\"name\":\"registrationIdentifier\",\"type\":\"bytes32\"},{\"name\":\"attestee\",\"type\":\"address\"},{\"name\":\"value\",\"type\":\"bytes32\"}],\"name\":\"set\",\"outputs\":[],\"payable\":false,\"type\":\"function\"},{\"inputs\":[{\"name\":\"_previousPublishedVersion\",\"type\":\"address\"}],\"payable\":false,\"type\":\"constructor\"},{\"anonymous\":false,\"inputs\":[{\"indexed\":true,\"name\":\"registrationIdentifier\",\"type\":\"bytes32\"},{\"indexed\":true,\"name\":\"attestor\",\"type\":\"address\"},{\"indexed\":true,\"name\":\"attestee\",\"type\":\"address\"}],\"name\":\"Set\",\"type\":\"event\"}]","ContractName":"UportRegistry","CompilerVersion":"v0.4.8+commit.60cc1668","OptimizationUsed":"0","Runs":"200","ConstructorArguments":"000000000000000000000000022f41a91cb30d6a20ffcfde3f84be6c1fa70d60","Library":"","LicenseType":"","SwarmSource":"bzzr://42110b89f32eade4b53eb2261dfb02cf57af329803b886e4e0a2b0eda7ac0769"}
