{"SourceCode":"contract Migrations {\r\n  address public owner;\r\n  uint public last_completed_migration;\r\n\r\n  modifier restricted() {\r\n    if (msg.sender == owner) _\r\n  }\r\n\r\n  function Migrations() {\r\n    owner = msg.sender;\r\n  }\r\n\r\n  function setCompleted(uint completed) restricted {\r\n    last_completed_migration = completed;\r\n  }\r\n\r\n  function upgrade(address new_address) restricted {\r\n    Migrations upgraded = Migrations(new_address);\r\n    upgraded.setCompleted(last_completed_migration);\r\n  }\r\n}","ABI":"[{\"constant\":false,\"inputs\":[{\"name\":\"new_address\",\"type\":\"address\"}],\"name\":\"upgrade\",\"outputs\":[],\"type\":\"function\"},{\"constant\":true,\"inputs\":[],\"name\":\"last_completed_migration\",\"outputs\":[{\"name\":\"\",\"type\":\"uint256\"}],\"type\":\"function\"},{\"constant\":true,\"inputs\":[],\"name\":\"owner\",\"outputs\":[{\"name\":\"\",\"type\":\"address\"}],\"type\":\"function\"},{\"constant\":false,\"inputs\":[{\"name\":\"completed\",\"type\":\"uint256\"}],\"name\":\"setCompleted\",\"outputs\":[],\"type\":\"function\"},{\"inputs\":[],\"type\":\"constructor\"}]","ContractName":"Migrations","CompilerVersion":"v0.3.5-nightly.2016.8.8+commit.c3ed550","OptimizationUsed":"1","Runs":"200","ConstructorArguments":"","Library":"","LicenseType":"","SwarmSource":""}
