{"SourceCode":"contract storadge {\r\n    event log(string description);\r\n\tfunction save(\r\n        string mdhash\r\n    )\r\n    {\r\n        log(mdhash);\r\n    }\r\n}","ABI":"[{\"constant\":false,\"inputs\":[{\"name\":\"mdhash\",\"type\":\"string\"}],\"name\":\"save\",\"outputs\":[],\"type\":\"function\"},{\"anonymous\":false,\"inputs\":[{\"indexed\":false,\"name\":\"description\",\"type\":\"string\"}],\"name\":\"log\",\"type\":\"event\"}]","ContractName":"storadge","CompilerVersion":"v0.3.5-2016-06-14-371690f","OptimizationUsed":"1","Runs":"200","ConstructorArguments":"","Library":"","LicenseType":"","SwarmSource":""}
