{"SourceCode":"pragma solidity ^0.4.0;\r\n\r\n\r\ncontract testing {\r\n  mapping (address => uint256) public balanceOf;\r\n  event Transfer(address indexed from, address indexed to, uint256 value);\r\n  event LogB(bytes32 h);\r\n\r\n\t  \r\n  \tfunction buy() payable returns (uint amount){\r\n        amount = msg.value ;                     // calculates the amount\r\n        if (balanceOf[this] < amount) throw;               // checks if it has enough to sell\r\n        balanceOf[msg.sender] += amount;                   // adds the amount to buyer's balance\r\n        balanceOf[this] -= amount;                         // subtracts amount from seller's balance\r\n        Transfer(this, msg.sender, amount);                // execute an event reflecting the change\r\n        return amount;                                     // ends function and returns\r\n    }\r\n\t  \r\n\r\n}","ABI":"[{\"constant\":true,\"inputs\":[{\"name\":\"\",\"type\":\"address\"}],\"name\":\"balanceOf\",\"outputs\":[{\"name\":\"\",\"type\":\"uint256\"}],\"payable\":false,\"type\":\"function\"},{\"constant\":false,\"inputs\":[],\"name\":\"buy\",\"outputs\":[{\"name\":\"amount\",\"type\":\"uint256\"}],\"payable\":true,\"type\":\"function\"},{\"anonymous\":false,\"inputs\":[{\"indexed\":true,\"name\":\"from\",\"type\":\"address\"},{\"indexed\":true,\"name\":\"to\",\"type\":\"address\"},{\"indexed\":false,\"name\":\"value\",\"type\":\"uint256\"}],\"name\":\"Transfer\",\"type\":\"event\"},{\"anonymous\":false,\"inputs\":[{\"indexed\":false,\"name\":\"h\",\"type\":\"bytes32\"}],\"name\":\"LogB\",\"type\":\"event\"}]","ContractName":"testing","CompilerVersion":"v0.4.7-nightly.2016.11.24+commit.851f8576","OptimizationUsed":"1","Runs":"200","ConstructorArguments":"","Library":"","LicenseType":"","SwarmSource":""}
